Current_A,Voltage_V,Temperature_C,SOC_percent,Mask
-14.4,376.4,20,57.0,1
-14.83,376.42,20,57.0,0
-15.73,376.47,20,57.0,0
-16.1,376.48,20,57.0,0
-15.9,376.43,20,57.0,0
-15.75,376.4,20,57.0,0
-15.65,376.4,20,57.0,0
-15.89,376.38,20,57.0,0
-16.49,376.33,20,57.0,0
-16.7,376.3,20,57.0,0
-16.5,376.3,20,57.0,0
-16.38,376.3,20,57.0,0
-16.33,376.3,20,57.0,0
-16.47,376.3,20,57.0,0
-16.82,376.3,20,57.0,0
-16.93,376.28,20,57.0,0
-16.78,376.23,20,57.0,0
-16.72,376.2,20,57.0,0
-16.77,376.2,20,57.0,0
-16.9,376.2,20,57.0,0
-17.1,376.2,20,57.0,0
-17.15,376.2,20,57.0,0
-17.05,376.2,20,57.0,0
-17.05,376.2,20,57.0,0
-17.15,376.2,20,57.0,0
-17.18,376.18,20,57.0,0
-17.13,376.13,20,57.0,0
-17.08,376.1,20,57.0,0
-17.03,376.1,20,57.0,0
-17.17,376.1,20,57.0,0
-17.52,376.1,20,57.0,0
-17.68,376.1,20,57.0,0
-17.63,376.1,20,57.0,0
-17.7,376.1,20,57.0,0
-17.9,376.1,20,57.0,0
-18.02,376.08,20,57.0,0
-18.07,376.03,20,57.0,0
-18.08,376.0,20,57.0,0
-18.03,376.0,20,57.0,0
-17.98,376.0,20,57.0,0
-17.93,376.0,20,57.0,0
-17.85,376.0,20,57.0,0
-17.75,376.0,20,57.0,0
-17.65,376.0,20,57.0,0
-17.55,376.0,20,57.0,0
-17.5,376.0,20,57.0,0
-17.5,376.0,20,57.0,0
-17.48,376.0,20,57.0,0
-17.43,376.0,20,57.0,0
-17.26,376.02,20,57.0,0
-16.96,376.07,20,57.0,0
-16.82,376.1,20,57.0,0
-16.87,376.1,20,57.0,0
-16.85,376.08,20,57.0,0
-16.75,376.03,20,57.0,0
-16.72,376.02,20,57.0,0
-16.77,376.07,20,57.0,0
-16.78,376.1,20,57.0,0
-16.73,376.1,20,57.0,0
-16.56,376.1,20,57.0,0
-16.26,376.1,20,57.0,0
-16.2,376.1,20,57.0,0
-16.4,376.1,20,57.0,0
-16.43,376.1,20,56.98,0
-16.28,376.1,20,56.93,0
-16.06,376.1,20,56.9,0
-15.76,376.1,20,56.9,0
-15.72,376.1,20,56.9,0
-15.97,376.1,20,56.9,0
-15.98,376.1,20,56.9,0
-15.73,376.1,20,56.9,0
-15.65,376.1,20,56.9,0
-15.75,376.1,20,56.9,0
-15.8,376.1,20,56.9,0
-15.8,376.1,20,56.9,0
-15.66,376.1,20,56.9,0
-15.36,376.1,20,56.9,0
-15.42,376.1,20,56.9,0
-15.87,376.1,20,56.9,0
-15.86,376.1,20,56.9,0
-15.36,376.1,20,56.9,0
-15.2,376.08,20,56.9,0
-15.4,376.03,20,56.9,0
-15.72,376.0,20,56.9,0
-16.17,376.0,20,56.9,0
-16.42,376.0,20,56.9,0
-16.47,376.0,20,56.9,0
-16.62,375.98,20,56.9,0
-16.87,375.93,20,56.9,0
-17.1,375.9,20,56.9,0
-17.3,375.9,20,56.9,0
-17.38,375.9,20,56.9,0
-17.33,375.9,20,56.9,0
-17.28,375.9,20,56.9,0
-17.23,375.9,20,56.9,0
-17.15,375.9,20,56.9,0
-17.05,375.9,20,56.9,0
-16.93,375.9,20,56.9,0
-16.78,375.9,20,56.9,0
-16.8,375.9,20,56.9,0
-17.0,375.9,20,56.9,0
-17.08,375.9,20,56.9,0
-17.03,375.9,20,56.9,0
-16.98,375.9,20,56.9,0
-16.93,375.9,20,56.9,0
-16.95,375.9,20,56.9,0
-17.05,375.9,20,56.9,0
-17.05,375.88,20,56.9,0
-16.95,375.83,20,56.9,0
-16.97,375.8,20,56.9,0
-17.12,375.8,20,56.9,0
-17.2,375.8,20,56.9,0
-17.2,375.8,20,56.9,0
-17.18,375.8,20,56.9,0
-17.13,375.8,20,56.9,0
-16.98,375.8,20,56.9,0
-16.73,375.8,20,56.9,0
-16.62,375.82,20,56.9,0
-16.67,375.87,20,56.9,0
-16.7,375.88,20,56.9,0
-16.7,375.83,20,56.9,0
-16.77,375.8,20,56.9,0
-16.92,375.8,20,56.9,0
-16.95,375.8,20,56.9,0
-16.85,375.8,20,56.9,0
-16.87,375.8,20,56.9,0
-17.02,375.8,20,56.9,0
-17.08,375.8,20,56.9,0
-17.03,375.8,20,56.9,0
-16.98,375.8,20,56.9,0
-16.93,375.8,20,56.9,0
-16.97,375.8,20,56.9,0
-17.12,375.8,20,56.9,0
-17.13,375.78,20,56.9,0
-16.98,375.73,20,56.9,0
-16.8,375.72,20,56.9,0
-16.6,375.77,20,56.9,0
-16.52,375.8,20,56.9,0
-16.57,375.8,20,56.9,0
-16.55,375.8,20,56.9,0
-16.45,375.8,20,56.9,0
-16.45,375.8,20,56.9,0
-16.55,375.8,20,56.9,0
-16.48,375.8,20,56.9,0
-16.23,375.8,20,56.9,0
-16.0,375.8,20,56.9,0
-15.8,375.8,20,56.9,0
-15.82,375.8,20,56.9,0
-16.07,375.8,20,56.9,0
-15.94,375.8,20,56.9,0
-15.39,375.8,20,56.9,0
-15.1,375.82,20,56.9,0
-15.1,375.87,20,56.9,0
-15.15,375.9,20,56.9,0
-15.25,375.9,20,56.9,0
-15.09,375.88,20,56.9,0
-14.64,375.83,20,56.9,0
-14.52,375.82,20,56.9,0
-14.77,375.87,20,56.9,0
-14.73,375.88,20,56.9,0
-14.38,375.83,20,56.9,0
-14.32,375.82,20,56.9,0
-14.57,375.87,20,56.9,0
-14.72,375.9,20,56.9,0
-14.77,375.9,20,56.9,0
-14.66,375.9,20,56.9,0
-14.36,375.9,20,56.9,0
-14.3,375.92,20,56.9,0
-14.5,375.97,20,56.9,0
-14.43,375.98,20,56.9,0
-14.08,375.93,20,56.9,0
-13.64,375.9,20,56.9,0
-13.09,375.9,20,56.9,0
-13.01,375.92,20,56.9,0
-13.46,375.97,20,56.9,0
-13.46,375.98,20,56.9,0
-12.96,375.93,20,56.9,0
-12.68,375.9,20,56.9,0
-12.63,375.9,20,56.9,0
-12.74,375.92,20,56.9,0
-13.04,375.97,20,56.9,0
-12.87,375.98,20,56.9,0
-12.17,375.93,20,56.9,0
-12.04,375.92,20,56.9,0
-12.54,375.97,20,56.9,0
-12.82,375.98,20,56.9,0
-12.87,375.93,20,56.9,0
-12.76,375.9,20,56.9,0
-12.46,375.9,20,56.9,0
-12.49,375.95,20,56.9,0
-12.89,376.05,20,56.9,0
-13.0,376.05,20,56.9,0
-12.8,375.95,20,56.9,0
-12.96,375.9,20,56.9,0
-13.51,375.9,20,56.9,0
-13.9,375.9,20,56.9,0
-14.1,375.9,20,56.9,0
-14.03,375.88,20,56.9,0
-13.68,375.83,20,56.9,0
-13.71,375.8,20,56.9,0
-14.16,375.8,20,56.9,0
-14.35,375.8,20,56.9,0
-14.25,375.8,20,56.9,0
-14.2,375.8,20,56.9,0
-14.2,375.8,20,56.9,0
-14.46,375.8,20,56.9,0
-15.01,375.8,20,56.9,0
-15.18,375.8,20,56.88,0
-14.93,375.8,20,56.83,0
-14.87,375.78,20,56.8,0
-15.02,375.73,20,56.8,0
-15.27,375.7,20,56.8,0
-15.62,375.7,20,56.8,0
-15.7,375.7,20,56.8,0
-15.5,375.7,20,56.8,0
-15.61,375.7,20,56.8,0
-16.06,375.7,20,56.8,0
-16.4,375.68,20,56.8,0
-16.6,375.63,20,56.8,0
-16.72,375.58,20,56.8,0
-16.77,375.53,20,56.8,0
-17.2,375.5,20,56.8,0
-18.05,375.5,20,56.8,0
-18.45,375.48,20,56.8,0
-18.35,375.43,20,56.8,0
-18.51,375.38,20,56.8,0
-18.96,375.33,20,56.8,0
-19.3,375.3,20,56.8,0
-19.5,375.3,20,56.8,0
-19.7,375.28,20,56.8,0
-19.9,375.23,20,56.8,0
-20.31,375.2,20,56.8,0
-20.96,375.2,20,56.8,0
-21.13,375.18,20,56.8,0
-20.78,375.13,20,56.8,0
-20.17,375.17,20,56.8,0
-19.27,375.32,20,56.8,0
-18.44,375.42,20,56.8,0
-17.69,375.47,20,56.8,0
-16.8,375.5,20,56.8,0
-15.75,375.5,20,56.8,0
-15.39,375.52,20,56.8,0
-15.79,375.57,20,56.8,0
-15.83,375.6,20,56.8,0
-15.48,375.6,20,56.8,0
-15.28,375.6,20,56.8,0
-15.23,375.6,20,56.8,0
-15.94,375.58,20,56.8,0
-17.49,375.53,20,56.8,0
-18.59,375.43,20,56.8,0
-19.19,375.28,20,56.8,0
-19.95,375.2,20,56.8,0
-20.9,375.2,20,56.8,0
-21.5,375.18,20,56.8,0
-21.7,375.13,20,56.8,0
-21.35,375.1,20,56.8,0
-20.4,375.1,20,56.8,0
-19.71,375.17,20,56.8,0
-19.31,375.32,20,56.8,0
-18.34,375.4,20,56.8,0
-16.74,375.4,20,56.8,0
-15.76,375.42,20,56.8,0
-15.46,375.47,20,56.8,0
-15.16,375.52,20,56.8,0
-14.86,375.57,20,56.8,0
-14.34,375.6,20,56.8,0
-13.59,375.6,20,56.8,0
-13.39,375.62,20,56.8,0
-13.79,375.67,20,56.8,0
-13.83,375.68,20,56.8,0
-13.48,375.63,20,56.8,0
-13.61,375.58,20,56.8,0
-14.26,375.53,20,56.8,0
-15.15,375.5,20,56.8,0
-16.3,375.5,20,56.8,0
-16.76,375.45,20,56.8,0
-16.46,375.35,20,56.8,0
-16.78,375.3,20,56.8,0
-17.78,375.3,20,56.8,0
-18.23,375.3,20,56.8,0
-18.08,375.3,20,56.8,0
-18.0,375.3,20,56.8,0
-18.0,375.3,20,56.8,0
-17.98,375.32,20,56.8,0
-17.93,375.37,20,56.8,0
-17.28,375.4,20,56.8,0
-15.98,375.4,20,56.8,0
-15.42,375.45,20,56.8,0
-15.67,375.55,20,56.8,0
-15.32,375.62,20,56.8,0
-14.32,375.67,20,56.8,0
-13.35,375.68,20,56.8,0
-12.4,375.63,20,56.8,0
-12.73,375.6,20,56.8,0
-14.48,375.6,20,56.8,0
-15.45,375.55,20,56.8,0
-15.55,375.45,20,56.8,0
-15.84,375.38,20,56.8,0
-16.34,375.33,20,56.8,0
-16.74,375.32,20,56.8,0
-17.04,375.37,20,56.8,0
-17.15,375.35,20,56.8,0
-17.05,375.25,20,56.8,0
-17.33,375.2,20,56.8,0
-18.03,375.2,20,56.8,0
-18.42,375.18,20,56.8,0
-18.47,375.13,20,56.8,0
-18.45,375.1,20,56.8,0
-18.35,375.1,20,56.8,0
-18.56,375.15,20,56.8,0
-19.11,375.25,20,56.8,0
-18.9,375.28,20,56.8,0
-17.85,375.23,20,56.8,0
-16.71,375.27,20,56.8,0
-15.46,375.42,20,56.8,0
-14.16,375.57,20,56.8,0
-12.81,375.72,20,56.8,0
-11.46,375.8,20,56.8,0
-10.11,375.8,20,56.8,0
-9.66,375.82,20,56.8,0
-10.21,375.87,20,56.8,0
-10.31,375.88,20,56.8,0
-9.91,375.83,20,56.8,0
-9.79,375.8,20,56.8,0
-9.99,375.8,20,56.8,0
-10.22,375.82,20,56.8,0
-10.47,375.87,20,56.8,0
-10.22,375.88,20,56.8,0
-9.42,375.83,20,56.8,0
-9.28,375.82,20,56.8,0
-9.88,375.87,20,56.8,0
-10.29,375.9,20,56.8,0
-10.49,375.9,20,56.8,0
-10.29,375.88,20,56.8,0
-9.64,375.83,20,56.8,0
-9.77,375.82,20,56.8,0
-10.77,375.87,20,56.8,0
-11.04,375.88,20,56.8,0
-10.49,375.83,20,56.8,0
-10.39,375.8,20,56.8,0
-10.79,375.8,20,56.8,0
-10.95,375.8,20,56.8,0
-10.85,375.8,20,56.8,0
-10.47,375.8,20,56.8,0
-9.77,375.8,20,56.8,0
-9.85,375.8,20,56.8,0
-10.8,375.8,20,56.8,0
-13.6,375.59,20,56.8,0
-18.45,375.14,20,56.8,0
-23.09,374.76,20,56.78,0
-27.49,374.46,20,56.73,0
-30.75,374.25,20,56.7,0
-32.75,374.15,20,56.7,0
-32.78,374.1,20,56.7,0
-30.63,374.1,20,56.7,0
-29.03,374.19,20,56.7,0
-28.03,374.39,20,56.7,0
-26.12,374.57,20,56.7,0
-23.22,374.72,20,56.7,0
-20.59,374.89,20,56.7,0
-18.24,375.09,20,56.7,0
-16.57,375.27,20,56.7,0
-15.67,375.42,20,56.7,0
-13.92,375.55,20,56.7,0
-11.22,375.65,20,56.7,0
-9.47,375.77,20,56.7,0
-8.77,375.92,20,56.7,0
-7.52,376.02,20,56.7,0
-5.67,376.07,20,56.7,0
-3.78,376.17,20,56.7,0
-1.83,376.32,20,56.7,0
-0.44,376.47,20,56.7,0
0.31,376.62,20,56.7,0
0.89,376.65,20,56.7,0
1.29,376.55,20,56.7,0
0.91,376.5,20,56.7,0
-0.34,376.5,20,56.7,0
-1.19,376.48,20,56.7,0
-1.59,376.43,20,56.7,0
-2.16,376.35,20,56.7,0
-2.91,376.25,20,56.7,0
-4.01,376.2,20,56.7,0
-5.51,376.2,20,56.7,0
-6.23,376.15,20,56.7,0
-6.08,376.05,20,56.7,0
-6.31,376.02,20,56.7,0
-6.96,376.07,20,56.7,0
-7.61,376.1,20,56.7,0
-8.26,376.1,20,56.7,0
-8.46,376.08,20,56.7,0
-8.16,376.03,20,56.7,0
-8.26,376.0,20,56.7,0
-8.81,376.0,20,56.7,0
-8.96,375.98,20,56.7,0
-8.66,375.93,20,56.7,0
-8.55,375.92,20,56.7,0
-8.65,375.97,20,56.7,0
-8.87,376.0,20,56.7,0
-9.22,376.0,20,56.7,0
-8.88,375.98,20,56.7,0
-7.78,375.93,20,56.7,0
-7.65,375.92,20,56.7,0
-8.6,375.97,20,56.7,0
-8.93,375.98,20,56.7,0
-8.58,375.93,20,56.7,0
-8.33,375.9,20,56.7,0
-8.18,375.9,20,56.7,0
-8.62,375.88,20,56.7,0
-9.72,375.83,20,56.7,0
-10.56,375.75,20,56.7,0
-11.11,375.65,20,56.7,0
-12.11,375.6,20,56.7,0
-13.61,375.6,20,56.7,0
-14.49,375.55,20,56.7,0
-14.69,375.45,20,56.7,0
-14.87,375.4,20,56.7,0
-15.02,375.4,20,56.7,0
-15.24,375.42,20,56.7,0
-15.54,375.47,20,56.7,0
-15.25,375.48,20,56.7,0
-14.3,375.43,20,56.7,0
-13.78,375.45,20,56.7,0
-13.73,375.55,20,56.7,0
-13.37,375.6,20,56.7,0
-12.67,375.6,20,56.7,0
-11.92,375.62,20,56.7,0
-11.12,375.67,20,56.7,0
-11.06,375.7,20,56.7,0
-11.81,375.7,20,56.7,0
-11.87,375.68,20,56.7,0
-11.17,375.63,20,56.7,0
-11.39,375.6,20,56.7,0
-12.64,375.6,20,56.7,0
-13.39,375.55,20,56.7,0
-13.59,375.45,20,56.7,0
-14.08,375.35,20,56.7,0
-14.88,375.25,20,56.7,0
-16.27,375.2,20,56.7,0
-18.32,375.2,20,56.7,0
-19.35,375.13,20,56.7,0
-19.25,374.98,20,56.7,0
-19.48,374.92,20,56.7,0
-20.08,374.97,20,56.7,0
-20.16,375.0,20,56.7,0
-19.66,375.0,20,56.7,0
-19.05,375.0,20,56.7,0
-18.3,375.0,20,56.7,0
-17.99,375.05,20,56.7,0
-18.19,375.15,20,56.7,0
-17.73,375.18,20,56.7,0
-16.53,375.13,20,56.7,0
-16.02,375.15,20,56.7,0
-16.27,375.25,20,56.7,0
-16.54,375.28,20,56.7,0
-16.84,375.23,20,56.7,0
-17.54,375.13,20,56.7,0
-18.69,374.98,20,56.7,0
-19.8,374.9,20,56.7,0
-20.85,374.9,20,56.7,0
-21.07,374.85,20,56.7,0
-20.37,374.75,20,56.7,0
-20.83,374.7,20,56.7,0
-22.58,374.7,20,56.7,0
-23.19,374.7,20,56.7,0
-22.54,374.7,20,56.7,0
-24.47,374.51,20,56.7,0
-29.27,374.11,20,56.7,0
-32.86,373.83,20,56.7,0
-35.11,373.68,20,56.7,0
-36.61,373.53,20,56.7,0
-37.26,373.38,20,56.7,0
-38.03,373.32,20,56.7,0
-38.93,373.37,20,56.7,0
-39.54,373.33,20,56.7,0
-39.84,373.18,20,56.7,0
-40.28,373.1,20,56.7,0
-40.88,373.1,20,56.7,0
-41.41,373.1,20,56.7,0
-41.86,373.1,20,56.7,0
-41.75,373.08,20,56.7,0
-41.0,373.03,20,56.7,0
-40.91,373.0,20,56.7,0
-41.56,373.0,20,56.7,0
-42.16,372.95,20,56.68,0
-42.71,372.85,20,56.63,0
-42.95,372.8,20,56.6,0
-42.85,372.8,20,56.6,0
-43.06,372.8,20,56.6,0
-43.61,372.8,20,56.6,0
-43.47,372.78,20,56.6,0
-42.57,372.73,20,56.6,0
-42.29,372.72,20,56.6,0
-42.69,372.77,20,56.6,0
-42.69,372.8,20,56.6,0
-42.24,372.8,20,56.6,0
-41.98,372.8,20,56.6,0
-41.93,372.8,20,56.6,0
-41.66,372.82,20,56.6,0
-41.16,372.87,20,56.6,0
-39.48,372.97,20,56.6,0
-36.48,373.12,20,56.6,0
-34.14,373.32,20,56.6,0
-32.54,373.57,20,56.6,0
-31.01,373.72,20,56.6,0
-29.57,373.77,20,56.6,0
-28.35,373.82,20,56.6,0
-27.4,373.87,20,56.6,0
-27.02,373.92,20,56.6,0
-27.27,373.97,20,56.6,0
-26.88,374.0,20,56.6,0
-25.78,374.0,20,56.6,0
-25.15,374.02,20,56.6,0
-25.05,374.07,20,56.6,0
-25.14,374.1,20,56.6,0
-25.44,374.1,20,56.6,0
-25.13,374.1,20,56.6,0
-24.13,374.1,20,56.6,0
-23.79,374.12,20,56.6,0
-24.19,374.17,20,56.6,0
-24.23,374.18,20,56.6,0
-23.88,374.13,20,56.6,0
-23.94,374.1,20,56.6,0
-24.44,374.1,20,56.6,0
-24.96,374.1,20,56.6,0
-25.51,374.1,20,56.6,0
-25.59,374.08,20,56.6,0
-25.14,374.03,20,56.6,0
-24.69,374.07,20,56.6,0
-24.24,374.22,20,56.6,0
-22.77,374.37,20,56.6,0
-20.17,374.52,20,56.6,0
-17.29,374.69,20,56.6,0
-14.09,374.89,20,56.6,0
-11.83,375.09,20,56.6,0
-10.63,375.29,20,56.6,0
-9.01,375.42,20,56.6,0
-6.91,375.47,20,56.6,0
-5.45,375.57,20,56.6,0
-4.7,375.72,20,56.6,0
-3.83,375.82,20,56.6,0
-2.83,375.87,20,56.6,0
-0.72,375.99,20,56.6,0
2.63,376.19,20,56.6,0
5.39,376.42,20,56.6,0
7.49,376.67,20,56.6,0
9.28,376.85,20,56.6,0
10.73,376.95,20,56.6,0
11.15,376.98,20,56.6,0
10.4,376.93,20,56.6,0
8.91,376.85,20,56.6,0
6.61,376.75,20,56.6,0
5.23,376.65,20,56.6,0
4.88,376.55,20,56.6,0
4.04,376.5,20,56.6,0
2.64,376.5,20,56.6,0
1.66,376.45,20,56.6,0
1.16,376.35,20,56.6,0
0.57,376.25,20,56.6,0
-0.13,376.15,20,56.6,0
-0.95,376.1,20,56.6,0
-1.9,376.1,20,56.6,0
-2.16,376.08,20,56.6,0
-1.66,376.03,20,56.6,0
-1.94,375.98,20,56.6,0
-3.09,375.93,20,56.6,0
-4.22,375.9,20,56.6,0
-5.32,375.9,20,56.6,0
-5.62,375.85,20,56.6,0
-5.02,375.75,20,56.6,0
-5.12,375.72,20,56.6,0
-6.02,375.77,20,56.6,0
-6.55,375.8,20,56.6,0
-6.65,375.8,20,56.6,0
-6.51,375.78,20,56.6,0
-6.11,375.73,20,56.6,0
-6.47,375.7,20,56.6,0
-7.67,375.7,20,56.6,0
-8.11,375.7,20,56.6,0
-7.71,375.7,20,56.6,0
-7.95,375.68,20,56.6,0
-8.9,375.63,20,56.6,0
-10.23,375.53,20,56.6,0
-11.98,375.38,20,56.6,0
-13.02,375.25,20,56.6,0
-13.27,375.15,20,56.6,0
-13.78,375.1,20,56.6,0
-14.58,375.1,20,56.6,0
-14.84,375.08,20,56.6,0
-14.49,375.03,20,56.6,0
-14.04,375.02,20,56.6,0
-13.49,375.07,20,56.6,0
-13.11,375.15,20,56.6,0
-12.91,375.25,20,56.6,0
-12.23,375.3,20,56.6,0
-11.03,375.3,20,56.6,0
-10.52,375.3,20,56.6,0
-10.77,375.3,20,56.6,0
-11.44,375.28,20,56.6,0
-12.59,375.23,20,56.6,0
-12.87,375.2,20,56.6,0
-12.17,375.2,20,56.6,0
-12.39,375.2,20,56.6,0
-13.64,375.2,20,56.6,0
-14.3,375.18,20,56.6,0
-14.3,375.13,20,56.6,0
-14.72,375.05,20,56.6,0
-15.62,374.95,20,56.6,0
-17.07,374.85,20,56.6,0
-19.12,374.75,20,56.6,0
-20.53,374.63,20,56.6,0
-21.23,374.48,20,56.6,0
-23.23,374.31,20,56.6,0
-26.68,374.11,20,56.6,0
-29.04,373.95,20,56.6,0
-30.19,373.85,20,56.6,0
-30.85,373.75,20,56.6,0
-30.95,373.65,20,56.6,0
-31.57,373.6,20,56.58,0
-32.77,373.6,20,56.53,0
-33.0,373.6,20,56.5,0
-32.15,373.6,20,56.5,0
-31.84,373.6,20,56.5,0
-32.14,373.6,20,56.5,0
-32.11,373.62,20,56.5,0
-31.71,373.67,20,56.5,0
-31.29,373.68,20,56.5,0
-30.84,373.63,20,56.5,0
-30.6,373.6,20,56.5,0
-30.6,373.6,20,56.5,0
-30.72,373.6,20,56.5,0
-30.97,373.6,20,56.5,0
-30.96,373.58,20,56.5,0
-30.66,373.53,20,56.5,0
-30.88,373.52,20,56.5,0
-31.68,373.57,20,56.5,0
-31.75,373.58,20,56.5,0
-31.0,373.53,20,56.5,0
-30.48,373.5,20,56.5,0
-30.23,373.5,20,56.5,0
-30.41,373.52,20,56.5,0
-31.06,373.57,20,56.5,0
-30.86,373.6,20,56.5,0
-29.71,373.6,20,56.5,0
-29.15,373.6,20,56.5,0
-29.25,373.6,20,56.5,0
-29.79,373.58,20,56.5,0
-30.84,373.53,20,56.5,0
-31.38,373.45,20,56.5,0
-31.33,373.35,20,56.5,0
-32.05,373.3,20,56.5,0
-33.65,373.3,20,56.5,0
-34.9,373.23,20,56.5,0
-35.75,373.08,20,56.5,0
-35.94,373.0,20,56.5,0
-35.39,373.0,20,56.5,0
-35.22,373.02,20,56.5,0
-35.47,373.07,20,56.5,0
-35.51,373.08,20,56.5,0
-35.31,373.03,20,56.5,0
-34.82,373.05,20,56.5,0
-34.02,373.15,20,56.5,0
-33.62,373.22,20,56.5,0
-33.67,373.27,20,56.5,0
-32.59,373.35,20,56.5,0
-30.24,373.45,20,56.5,0
-28.44,373.57,20,56.5,0
-27.24,373.72,20,56.5,0
-26.04,373.85,20,56.5,0
-24.84,373.95,20,56.5,0
-23.57,374.0,20,56.5,0
-22.22,374.0,20,56.5,0
-21.36,374.05,20,56.5,0
-21.06,374.15,20,56.5,0
-20.52,374.2,20,56.5,0
-19.72,374.2,20,56.5,0
-19.09,374.22,20,56.5,0
-18.64,374.27,20,56.5,0
-18.47,374.35,20,56.5,0
-18.62,374.45,20,56.5,0
-18.37,374.48,20,56.5,0
-17.67,374.43,20,56.5,0
-17.18,374.45,20,56.5,0
-16.93,374.55,20,56.5,0
-16.89,374.58,20,56.5,0
-17.09,374.53,20,56.5,0
-16.92,374.48,20,56.5,0
-16.32,374.43,20,56.5,0
-16.19,374.45,20,56.5,0
-16.59,374.55,20,56.5,0
-16.64,374.58,20,56.5,0
-16.29,374.53,20,56.5,0
-16.05,374.5,20,56.5,0
-15.95,374.5,20,56.5,0
-16.21,374.5,20,56.5,0
-16.86,374.5,20,56.5,0
-16.97,374.5,20,56.5,0
-16.47,374.5,20,56.5,0
-16.18,374.5,20,56.5,0
-16.13,374.5,20,56.5,0
-16.52,374.5,20,56.5,0
-17.42,374.5,20,56.5,0
-17.43,374.5,20,56.48,0
-16.43,374.5,20,56.43,0
-15.99,374.52,20,56.4,0
-16.19,374.57,20,56.4,0
-16.49,374.58,20,56.4,0
-16.89,374.53,20,56.4,0
-16.65,374.5,20,56.4,0
-15.7,374.5,20,56.4,0
-15.46,374.52,20,56.4,0
-16.01,374.57,20,56.4,0
-16.21,374.6,20,56.4,0
-16.01,374.6,20,56.4,0
-15.71,374.6,20,56.4,0
-15.31,374.6,20,56.4,0
-15.41,374.6,20,56.4,0
-16.06,374.6,20,56.4,0
-16.4,374.55,20,56.4,0
-16.4,374.45,20,56.4,0
-16.42,374.45,20,56.4,0
-16.47,374.55,20,56.4,0
-16.71,374.6,20,56.4,0
-17.16,374.6,20,56.4,0
-17.12,374.58,20,56.4,0
-16.52,374.53,20,56.4,0
-16.2,374.52,20,56.4,0
-16.2,374.57,20,56.4,0
-16.27,374.6,20,56.4,0
-16.42,374.6,20,56.4,0
-16.29,374.58,20,56.4,0
-15.84,374.53,20,56.4,0
-15.46,374.55,20,56.4,0
-15.16,374.65,20,56.4,0
-14.81,374.7,20,56.4,0
-14.41,374.7,20,56.4,0
-14.15,374.7,20,56.4,0
-14.05,374.7,20,56.4,0
-14.19,374.72,20,56.4,0
-14.59,374.77,20,56.4,0
-14.24,374.8,20,56.4,0
-13.04,374.8,20,56.4,0
-11.88,374.87,20,56.4,0
-10.78,375.02,20,56.4,0
-9.31,375.15,20,56.4,0
-7.41,375.25,20,56.4,0
-4.45,375.44,20,56.4,0
-0.3,375.74,20,56.4,0
2.37,375.95,20,56.4,0
3.37,376.05,20,56.4,0
5.19,376.22,20,56.4,0
7.94,376.47,20,56.4,0
10.34,376.65,20,56.4,0
12.34,376.75,20,56.4,0
13.14,376.82,20,56.4,0
12.59,376.87,20,56.4,0
13.38,376.97,20,56.4,0
15.68,377.12,20,56.4,0
16.67,377.2,20,56.4,0
16.17,377.2,20,56.4,0
15.27,377.18,20,56.4,0
13.92,377.13,20,56.4,0
12.19,377.01,20,56.4,0
10.04,376.81,20,56.4,0
8.2,376.68,20,56.4,0
6.7,376.63,20,56.4,0
5.76,376.58,20,56.4,0
5.46,376.53,20,56.4,0
5.37,376.48,20,56.4,0
5.52,376.43,20,56.4,0
5.22,376.42,20,56.4,0
4.42,376.47,20,56.4,0
4.14,376.45,20,56.4,0
4.44,376.35,20,56.4,0
4.22,376.3,20,56.4,0
3.42,376.3,20,56.4,0
2.72,376.3,20,56.4,0
2.12,376.3,20,56.4,0
1.78,376.25,20,56.4,0
1.73,376.15,20,56.4,0
1.25,376.1,20,56.4,0
0.3,376.1,20,56.4,0
-0.36,376.1,20,56.4,0
-0.71,376.1,20,56.4,0
-0.67,376.08,20,56.4,0
-0.17,376.03,20,56.4,0
-0.16,376.02,20,56.4,0
-0.71,376.07,20,56.4,0
-0.98,376.08,20,56.4,0
-0.93,376.03,20,56.4,0
-0.88,376.0,20,56.4,0
-0.83,376.0,20,56.4,0
-1.15,376.0,20,56.4,0
-1.9,376.0,20,56.4,0
-2.0,375.98,20,56.4,0
-1.35,375.93,20,56.4,0
-1.26,375.92,20,56.4,0
-1.81,375.97,20,56.4,0
-2.19,375.98,20,56.4,0
-2.39,375.93,20,56.4,0
-2.2,375.9,20,56.4,0
-1.55,375.9,20,56.4,0
-1.46,375.92,20,56.4,0
-2.01,375.97,20,56.4,0
-2.46,375.95,20,56.4,0
-2.81,375.85,20,56.4,0
-3.14,375.8,20,56.4,0
-3.44,375.8,20,56.4,0
-3.72,375.82,20,56.4,0
-3.97,375.87,20,56.4,0
-4.03,375.88,20,56.4,0
-3.88,375.83,20,56.4,0
-3.8,375.8,20,56.4,0
-3.8,375.8,20,56.4,0
-3.8,375.82,20,56.4,0
-3.8,375.87,20,56.4,0
-3.54,375.88,20,56.4,0
-2.99,375.83,20,56.4,0
-2.91,375.82,20,56.4,0
-3.36,375.87,20,56.4,0
-3.55,375.88,20,56.4,0
-3.45,375.83,20,56.4,0
-3.49,375.82,20,56.4,0
-3.69,375.87,20,56.4,0
-3.89,375.9,20,56.4,0
-4.09,375.9,20,56.4,0
-4.04,375.85,20,56.4,0
-3.69,375.75,20,56.4,0
-3.83,375.75,20,56.4,0
-4.53,375.85,20,56.4,0
-4.62,375.9,20,56.4,0
-4.02,375.9,20,56.4,0
-3.35,375.9,20,56.4,0
-2.6,375.9,20,56.4,0
-1.47,375.99,20,56.4,0
0.08,376.19,20,56.4,0
3.52,376.46,20,56.4,0
9.12,376.81,20,56.4,0
14.49,377.21,20,56.4,0
19.59,377.66,20,56.4,0
20.92,377.81,20,56.4,0
17.97,377.61,20,56.4,0
16.28,377.48,20,56.4,0
16.03,377.43,20,56.4,0
15.57,377.4,20,56.4,0
14.87,377.4,20,56.4,0
14.31,377.38,20,56.4,0
13.91,377.33,20,56.4,0
13.65,377.3,20,56.4,0
13.55,377.3,20,56.4,0
13.27,377.32,20,56.4,0
12.77,377.37,20,56.4,0
12.69,377.38,20,56.4,0
13.09,377.33,20,56.4,0
13.11,377.32,20,56.4,0
12.71,377.37,20,56.4,0
12.34,377.38,20,56.4,0
11.99,377.33,20,56.4,0
12.06,377.3,20,56.4,0
12.61,377.3,20,56.4,0
12.67,377.3,20,56.4,0
12.17,377.3,20,56.4,0
12.02,377.3,20,56.4,0
12.27,377.3,20,56.4,0
12.21,377.3,20,56.4,0
11.81,377.3,20,56.4,0
11.41,377.3,20,56.4,0
11.01,377.3,20,56.4,0
10.92,377.28,20,56.4,0
11.17,377.23,20,56.4,0
11.0,377.2,20,56.4,0
10.35,377.2,20,56.4,0
9.98,377.2,20,56.4,0
9.93,377.2,20,56.4,0
10.11,377.2,20,56.4,0
10.56,377.2,20,56.4,0
10.52,377.22,20,56.4,0
9.92,377.27,20,56.4,0
9.58,377.28,20,56.4,0
9.53,377.23,20,56.4,0
9.38,377.18,20,56.42,0
9.13,377.13,20,56.47,0
8.58,377.1,20,56.5,0
7.68,377.1,20,56.5,0
7.08,377.05,20,56.5,0
6.83,376.95,20,56.5,0
6.19,376.88,20,56.5,0
5.09,376.83,20,56.5,0
4.52,376.8,20,56.5,0
4.57,376.8,20,56.5,0
4.65,376.8,20,56.5,0
4.75,376.8,20,56.5,0
4.71,376.82,20,56.5,0
4.51,376.87,20,56.5,0
4.45,376.88,20,56.5,0
4.55,376.83,20,56.5,0
4.55,376.8,20,56.5,0
4.45,376.8,20,56.5,0
4.31,376.8,20,56.5,0
4.11,376.8,20,56.5,0
4.35,376.8,20,56.5,0
5.1,376.8,20,56.5,0
5.31,376.8,20,56.5,0
4.91,376.8,20,56.5,0
4.63,376.8,20,56.5,0
4.48,376.8,20,56.5,0
4.49,376.8,20,56.5,0
4.69,376.8,20,56.5,0
4.61,376.82,20,56.5,0
4.21,376.87,20,56.5,0
3.98,376.85,20,56.5,0
3.93,376.75,20,56.5,0
4.02,376.72,20,56.5,0
4.27,376.77,20,56.5,0
4.12,376.8,20,56.5,0
3.52,376.8,20,56.5,0
3.5,376.8,20,56.5,0
4.15,376.8,20,56.5,0
5.01,376.85,20,56.5,0
6.11,376.95,20,56.5,0
6.68,377.02,20,56.5,0
6.63,377.07,20,56.5,0
6.86,377.1,20,56.5,0
7.41,377.1,20,56.5,0
7.56,377.1,20,56.5,0
7.26,377.1,20,56.5,0
6.96,377.1,20,56.5,0
6.66,377.1,20,56.5,0
6.73,377.08,20,56.5,0
7.23,377.03,20,56.5,0
7.29,377.02,20,56.5,0
6.84,377.07,20,56.5,0
6.62,377.1,20,56.5,0
6.67,377.1,20,56.5,0
6.77,377.1,20,56.5,0
6.92,377.1,20,56.5,0
6.84,377.1,20,56.5,0
6.49,377.1,20,56.5,0
6.91,377.12,20,56.5,0
8.21,377.17,20,56.5,0
9.41,377.27,20,56.5,0
10.51,377.42,20,56.5,0
10.7,377.45,20,56.5,0
9.85,377.35,20,56.5,0
9.49,377.3,20,56.5,0
9.69,377.3,20,56.5,0
9.43,377.3,20,56.5,0
8.63,377.3,20,56.5,0
8.29,377.28,20,56.5,0
8.49,377.23,20,56.5,0
8.46,377.2,20,56.5,0
8.16,377.2,20,56.5,0
7.63,377.2,20,56.5,0
6.83,377.2,20,56.5,0
6.58,377.18,20,56.5,0
6.98,377.13,20,56.5,0
7.11,377.12,20,56.5,0
6.91,377.17,20,56.5,0
6.71,377.2,20,56.5,0
6.51,377.2,20,56.5,0
6.56,377.18,20,56.5,0
6.91,377.13,20,56.5,0
6.71,377.1,20,56.5,0
5.86,377.1,20,56.5,0
5.22,377.08,20,56.5,0
4.82,377.03,20,56.5,0
4.53,376.98,20,56.5,0
4.38,376.93,20,56.5,0
4.23,376.92,20,56.5,0
4.08,376.97,20,56.5,0
3.68,376.95,20,56.5,0
2.98,376.85,20,56.5,0
2.51,376.8,20,56.5,0
2.31,376.8,20,56.5,0
2.11,376.8,20,56.5,0
1.91,376.8,20,56.5,0
1.46,376.75,20,56.5,0
0.71,376.65,20,56.5,0
0.09,376.62,20,56.5,0
-0.36,376.67,20,56.5,0
-0.51,376.68,20,56.5,0
-0.31,376.63,20,56.5,0
-0.36,376.6,20,56.5,0
-0.71,376.6,20,56.5,0
-0.69,376.62,20,56.5,0
-0.24,376.67,20,56.5,0
-0.05,376.68,20,56.5,0
-0.15,376.63,20,56.5,0
-0.45,376.6,20,56.5,0
-1.0,376.6,20,56.5,0
-1.46,376.55,20,56.5,0
-1.81,376.45,20,56.5,0
-2.21,376.4,20,56.5,0
-2.66,376.4,20,56.5,0
-2.92,376.4,20,56.5,0
-2.97,376.4,20,56.5,0
-2.91,376.38,20,56.5,0
-2.71,376.33,20,56.5,0
-2.67,376.32,20,56.5,0
-2.82,376.37,20,56.5,0
-2.92,376.4,20,56.5,0
-2.97,376.4,20,56.5,0
-2.98,376.38,20,56.5,0
-2.93,376.33,20,56.5,0
-3.06,376.32,20,56.5,0
-3.41,376.37,20,56.5,0
-3.49,376.38,20,56.5,0
-3.24,376.33,20,56.5,0
-3.17,376.32,20,56.5,0
-3.32,376.37,20,56.5,0
-3.42,376.4,20,56.5,0
-3.47,376.4,20,56.5,0
-3.43,376.38,20,56.5,0
-3.28,376.33,20,56.5,0
-3.22,376.32,20,56.5,0
-3.27,376.37,20,56.5,0
-3.23,376.4,20,56.5,0
-3.08,376.4,20,56.5,0
-2.91,376.4,20,56.5,0
-2.71,376.4,20,56.5,0
-2.6,376.4,20,56.5,0
-2.6,376.4,20,56.5,0
-2.53,376.4,20,56.5,0
-2.38,376.4,20,56.5,0
-2.37,376.4,20,56.5,0
-2.52,376.4,20,56.5,0
-2.6,376.4,20,56.5,0
-2.6,376.4,20,56.5,0
-2.37,376.4,20,56.5,0
-1.87,376.4,20,56.5,0
-1.76,376.4,20,56.5,0
-2.11,376.4,20,56.5,0
-1.94,376.42,20,56.5,0
-1.14,376.47,20,56.5,0
-0.22,376.55,20,56.5,0
0.83,376.65,20,56.5,0
1.56,376.72,20,56.5,0
1.91,376.77,20,56.5,0
2.21,376.8,20,56.5,0
2.46,376.8,20,56.5,0
2.6,376.8,20,56.5,0
2.6,376.8,20,56.5,0
2.98,376.82,20,56.5,0
3.83,376.87,20,56.5,0
4.91,376.95,20,56.5,0
6.26,377.05,20,56.5,0
7.23,377.15,20,56.5,0
7.73,377.25,20,56.5,0
7.98,377.28,20,56.5,0
7.93,377.23,20,56.5,0
8.24,377.25,20,56.5,0
8.99,377.35,20,56.5,0
9.65,377.42,20,56.5,0
10.2,377.47,20,56.5,0
10.41,377.48,20,56.5,0
10.21,377.43,20,56.5,0
9.99,377.42,20,56.5,0
9.74,377.47,20,56.5,0
9.6,377.5,20,56.5,0
9.6,377.5,20,56.5,0
9.74,377.5,20,56.5,0
10.04,377.5,20,56.5,0
10.04,377.5,20,56.5,0
9.69,377.5,20,56.5,0
9.68,377.5,20,56.5,0
10.08,377.5,20,56.5,0
10.3,377.5,20,56.5,0
10.3,377.5,20,56.5,0
10.53,377.55,20,56.5,0
11.03,377.65,20,56.5,0
11.53,377.7,20,56.5,0
12.03,377.7,20,56.5,0
13.89,377.84,20,56.5,0
17.39,378.14,20,56.5,0
21.85,378.48,20,56.5,0
27.45,378.88,20,56.5,0
32.68,379.28,20,56.5,0
37.48,379.68,20,56.5,0
39.94,379.92,20,56.5,0
39.59,379.97,20,56.5,0
42.7,380.25,20,56.5,0
49.95,380.8,20,56.5,0
53.31,381.05,20,56.5,0
52.01,380.95,20,56.5,0
50.85,380.9,20,56.5,0
49.85,380.9,20,56.5,0
49.21,380.88,20,56.5,0
49.01,380.83,20,56.5,0
48.38,380.78,20,56.5,0
47.23,380.73,20,56.5,0
46.51,380.72,20,56.5,0
46.31,380.77,20,56.5,0
44.79,380.69,20,56.5,0
41.69,380.44,20,56.5,0
38.93,380.21,20,56.5,0
36.58,380.01,20,56.5,0
37.57,380.08,20,56.5,0
42.57,380.48,20,56.5,0
44.82,380.65,20,56.5,0
43.77,380.55,20,56.5,0
42.86,380.5,20,56.5,0
42.11,380.5,20,56.5,0
41.65,380.48,20,56.5,0
41.55,380.43,20,56.5,0
41.2,380.4,20,56.5,0
40.55,380.4,20,56.5,0
39.86,380.4,20,56.5,0
39.11,380.4,20,56.5,0
38.45,380.35,20,56.52,0
37.9,380.25,20,56.57,0
37.51,380.22,20,56.6,0
37.31,380.27,20,56.6,0
36.93,380.28,20,56.6,0
36.33,380.23,20,56.6,0
35.8,380.18,20,56.6,0
35.35,380.13,20,56.6,0
34.8,380.1,20,56.6,0
34.15,380.1,20,56.6,0
33.75,380.08,20,56.6,0
33.65,380.03,20,56.6,0
33.37,380.0,20,56.6,0
32.87,380.0,20,56.6,0
32.33,379.98,20,56.6,0
31.73,379.93,20,56.6,0
31.29,379.88,20,56.6,0
31.04,379.83,20,56.6,0
30.58,379.8,20,56.6,0
29.88,379.8,20,56.6,0
29.36,379.78,20,56.6,0
29.06,379.73,20,56.6,0
28.67,379.68,20,56.6,0
28.17,379.63,20,56.6,0
27.6,379.6,20,56.6,0
26.95,379.6,20,56.6,0
26.53,379.58,20,56.6,0
26.38,379.53,20,56.6,0
26.0,379.5,20,56.6,0
25.35,379.5,20,56.6,0
24.8,379.48,20,56.6,0
24.35,379.43,20,56.6,0
23.96,379.38,20,56.6,0
23.66,379.33,20,56.6,0
23.25,379.3,20,56.6,0
22.7,379.3,20,56.6,0
22.29,379.28,20,56.6,0
22.04,379.23,20,56.6,0
21.45,379.15,20,56.6,0
20.45,379.05,20,56.6,0
19.13,378.98,20,56.6,0
17.43,378.93,20,56.6,0
16.09,378.85,20,56.6,0
15.19,378.75,20,56.6,0
13.72,378.61,20,56.6,0
11.57,378.41,20,56.6,0
9.99,378.28,20,56.6,0
9.09,378.23,20,56.6,0
8.42,378.18,20,56.6,0
8.02,378.13,20,56.6,0
7.82,378.1,20,56.6,0
7.87,378.1,20,56.6,0
7.65,378.08,20,56.6,0
7.1,378.03,20,56.6,0
6.73,377.98,20,56.6,0
6.58,377.93,20,56.6,0
6.39,377.9,20,56.6,0
6.14,377.9,20,56.6,0
6.02,377.92,20,56.6,0
6.07,377.97,20,56.6,0
6.21,377.98,20,56.6,0
6.46,377.93,20,56.6,0
6.4,377.9,20,56.6,0
5.95,377.9,20,56.6,0
5.36,377.88,20,56.6,0
4.61,377.83,20,56.6,0
4.45,377.8,20,56.6,0
5.0,377.8,20,56.6,0
5.16,377.8,20,56.6,0
4.86,377.8,20,56.6,0
4.7,377.8,20,56.6,0
4.7,377.8,20,56.6,0
4.79,377.8,20,56.6,0
4.99,377.8,20,56.6,0
5.05,377.8,20,56.6,0
4.95,377.8,20,56.6,0
5.01,377.8,20,56.6,0
5.26,377.8,20,56.6,0
5.08,377.78,20,56.6,0
4.38,377.73,20,56.6,0
3.57,377.68,20,56.6,0
2.62,377.63,20,56.6,0
1.76,377.55,20,56.6,0
1.01,377.45,20,56.6,0
0.49,377.4,20,56.6,0
0.24,377.4,20,56.6,0
0.08,377.4,20,56.6,0
0.03,377.4,20,56.6,0
0.05,377.4,20,56.6,0
0.15,377.4,20,56.6,0
0.13,377.4,20,56.6,0
-0.02,377.4,20,56.6,0
-0.03,377.4,20,56.6,0
0.12,377.4,20,56.6,0
0.34,377.4,20,56.6,0
0.64,377.4,20,56.6,0
0.73,377.4,20,56.6,0
0.58,377.4,20,56.6,0
0.48,377.4,20,56.6,0
0.43,377.4,20,56.6,0
0.47,377.4,20,56.6,0
0.62,377.4,20,56.6,0
0.63,377.4,20,56.6,0
0.48,377.4,20,56.6,0
0.67,377.42,20,56.6,0
1.27,377.47,20,56.6,0
1.71,377.5,20,56.6,0
1.96,377.5,20,56.6,0
1.99,377.5,20,56.6,0
1.74,377.5,20,56.6,0
1.99,377.52,20,56.6,0
2.84,377.57,20,56.6,0
3.28,377.6,20,56.6,0
3.23,377.6,20,56.6,0
3.45,377.62,20,56.6,0
4.0,377.67,20,56.6,0
4.3,377.68,20,56.6,0
4.3,377.63,20,56.6,0
4.23,377.62,20,56.6,0
4.08,377.67,20,56.6,0
3.95,377.68,20,56.6,0
3.85,377.63,20,56.6,0
3.8,377.6,20,56.6,0
3.8,377.6,20,56.6,0
3.82,377.62,20,56.6,0
3.87,377.67,20,56.6,0
4.08,377.7,20,56.6,0
4.48,377.7,20,56.6,0
4.77,377.7,20,56.6,0
4.92,377.7,20,56.6,0
4.93,377.7,20,56.6,0
4.78,377.7,20,56.6,0
4.79,377.7,20,56.6,0
4.99,377.7,20,56.6,0
5.3,377.72,20,56.6,0
5.75,377.77,20,56.6,0
6.23,377.85,20,56.6,0
6.73,377.95,20,56.6,0
7.29,378.0,20,56.6,0
7.94,378.0,20,56.6,0
8.23,378.0,20,56.6,0
8.08,378.0,20,56.6,0
8.07,378.02,20,56.6,0
8.22,378.07,20,56.6,0
8.37,378.08,20,56.6,0
8.52,378.03,20,56.6,0
8.58,378.02,20,56.6,0
8.53,378.07,20,56.6,0
8.57,378.1,20,56.6,0
8.72,378.1,20,56.6,0
8.85,378.1,20,56.6,0
8.95,378.1,20,56.6,0
8.86,378.1,20,56.6,0
8.56,378.1,20,56.6,0
8.49,378.1,20,56.6,0
8.69,378.1,20,56.6,0
8.82,378.1,20,56.6,0
8.87,378.1,20,56.6,0
9.01,378.12,20,56.6,0
9.26,378.17,20,56.6,0
9.45,378.18,20,56.6,0
9.55,378.13,20,56.6,0
9.49,378.12,20,56.6,0
9.24,378.17,20,56.6,0
9.12,378.2,20,56.6,0
9.17,378.2,20,56.6,0
9.25,378.18,20,56.6,0
9.35,378.13,20,56.6,0
9.38,378.12,20,56.6,0
9.33,378.17,20,56.6,0
9.16,378.18,20,56.6,0
8.86,378.13,20,56.6,0
8.7,378.1,20,56.6,0
8.7,378.1,20,56.6,0
8.41,378.1,20,56.6,0
7.76,378.1,20,56.6,0
7.38,378.08,20,56.6,0
7.33,378.03,20,56.6,0
6.8,377.95,20,56.6,0
5.7,377.85,20,56.6,0
4.87,377.8,20,56.6,0
4.37,377.8,20,56.6,0
3.74,377.75,20,56.6,0
2.94,377.65,20,56.6,0
2.36,377.6,20,56.6,0
2.06,377.6,20,56.6,0
1.27,377.55,20,56.6,0
-0.13,377.45,20,56.6,0
-1.01,377.35,20,56.6,0
-1.26,377.25,20,56.6,0
-1.63,377.2,20,56.6,0
-2.13,377.2,20,56.6,0
-2.47,377.2,20,56.6,0
-2.62,377.2,20,56.6,0
-2.68,377.2,20,56.6,0
-2.63,377.2,20,56.6,0
-2.87,377.18,20,56.6,0
-3.47,377.13,20,56.6,0
-3.89,377.08,20,56.6,0
-4.09,377.03,20,56.6,0
-5.01,376.95,20,56.6,0
-6.81,376.85,20,56.6,0
-7.42,376.82,20,56.6,0
-6.57,376.87,20,56.6,0
-6.19,376.88,20,56.6,0
-6.39,376.83,20,56.6,0
-6.7,376.8,20,56.6,0
-7.15,376.8,20,56.6,0
-7.63,376.75,20,56.6,0
-8.13,376.65,20,56.6,0
-8.4,376.6,20,56.6,0
-8.4,376.6,20,56.6,0
-8.31,376.62,20,56.6,0
-8.11,376.67,20,56.6,0
-8.0,376.7,20,56.6,0
-8.0,376.7,20,56.6,0
-7.93,376.7,20,56.6,0
-7.78,376.7,20,56.6,0
-8.33,376.65,20,56.6,0
-9.73,376.55,20,56.6,0
-10.12,376.52,20,56.6,0
-9.27,376.57,20,56.6,0
-8.89,376.6,20,56.6,0
-9.09,376.6,20,56.6,0
-9.4,376.58,20,56.6,0
-9.85,376.53,20,56.6,0
-9.56,376.5,20,56.6,0
-8.36,376.5,20,56.6,0
-4.2,376.77,20,56.6,0
3.55,377.37,20,56.6,0
12.48,378.08,20,56.6,0
22.83,378.93,20,56.6,0
31.93,379.67,20,56.6,0
39.53,380.27,20,56.6,0
42.89,380.58,20,56.6,0
41.09,380.53,20,56.6,0
39.76,380.48,20,56.6,0
39.01,380.43,20,56.6,0
38.01,380.38,20,56.6,0
36.71,380.33,20,56.6,0
35.44,380.25,20,56.6,0
34.19,380.15,20,56.6,0
33.09,380.08,20,56.6,0
32.19,380.03,20,56.6,0
31.09,379.95,20,56.62,0
29.74,379.85,20,56.67,0
28.39,379.75,20,56.7,0
27.04,379.65,20,56.7,0
25.04,379.51,20,56.7,0
22.24,379.31,20,56.7,0
19.44,379.11,20,56.7,0
16.64,378.91,20,56.7,0
14.15,378.71,20,56.7,0
12.05,378.51,20,56.7,0
10.47,378.38,20,56.7,0
9.52,378.33,20,56.7,0
8.44,378.25,20,56.7,0
7.19,378.15,20,56.7,0
6.61,378.1,20,56.7,0
6.86,378.1,20,56.7,0
6.48,378.08,20,56.7,0
5.33,378.03,20,56.7,0
4.2,377.93,20,56.7,0
3.1,377.78,20,56.7,0
2.39,377.7,20,56.7,0
2.14,377.7,20,56.7,0
1.89,377.7,20,56.7,0
1.64,377.7,20,56.7,0
1.41,377.68,20,56.7,0
1.21,377.63,20,56.7,0
0.94,377.58,20,56.7,0
0.59,377.53,20,56.7,0
0.33,377.5,20,56.7,0
0.18,377.5,20,56.7,0
-0.01,377.48,20,56.7,0
-0.26,377.43,20,56.7,0
-0.76,377.38,20,56.7,0
-1.56,377.33,20,56.7,0
-2.2,377.28,20,56.7,0
-2.65,377.23,20,56.7,0
-2.97,377.2,20,56.7,0
-3.12,377.2,20,56.7,0
-3.79,377.15,20,56.7,0
-5.09,377.05,20,56.7,0
-6.79,376.91,20,56.7,0
-8.99,376.71,20,56.7,0
-12.56,376.42,20,56.7,0
-17.82,376.02,20,56.7,0
-22.35,375.69,20,56.7,0
-26.0,375.44,20,56.7,0
-28.56,375.21,20,56.7,0
-29.81,375.01,20,56.7,0
-30.95,374.88,20,56.7,0
-31.95,374.83,20,56.7,0
-32.73,374.75,20,56.68,0
-33.23,374.65,20,56.63,0
-33.7,374.58,20,56.6,0
-34.15,374.53,20,56.6,0
-34.63,374.48,20,56.6,0
-35.13,374.43,20,56.6,0
-36.05,374.35,20,56.6,0
-37.5,374.25,20,56.6,0
-38.75,374.13,20,56.6,0
-39.75,373.98,20,56.6,0
-40.53,373.9,20,56.6,0
-41.03,373.9,20,56.6,0
-41.66,373.85,20,56.6,0
-42.46,373.75,20,56.6,0
-43.22,373.65,20,56.6,0
-43.92,373.55,20,56.6,0
-44.71,373.48,20,56.6,0
-45.61,373.43,20,56.6,0
-46.12,373.38,20,56.6,0
-46.17,373.33,20,56.6,0
-46.29,373.3,20,56.6,0
-46.49,373.3,20,56.6,0
-46.6,373.28,20,56.6,0
-46.6,373.23,20,56.6,0
-46.08,373.22,20,56.6,0
-44.93,373.27,20,56.6,0
-43.51,373.37,20,56.6,0
-41.76,373.52,20,56.6,0
-39.54,373.69,20,56.6,0
-36.74,373.89,20,56.6,0
-34.35,374.05,20,56.6,0
-32.45,374.14,20,56.6,0
-30.48,374.29,20,56.6,0
-28.43,374.49,20,56.6,0
-27.03,374.62,20,56.6,0
-26.43,374.67,20,56.6,0
-25.76,374.72,20,56.6,0
-25.01,374.77,20,56.6,0
-24.53,374.8,20,56.6,0
-24.38,374.8,20,56.6,0
-24.12,374.82,20,56.6,0
-23.72,374.87,20,56.6,0
-23.23,374.9,20,56.6,0
-22.63,374.9,20,56.6,0
-22.14,374.95,20,56.6,0
-21.79,375.05,20,56.6,0
-21.33,375.1,20,56.6,0
-20.73,375.1,20,56.6,0
-20.29,375.1,20,56.6,0
-20.04,375.1,20,56.6,0
-20.06,375.1,20,56.6,0
-20.41,375.1,20,56.6,0
-20.76,375.08,20,56.6,0
-21.11,375.03,20,56.6,0
-21.1,375.02,20,56.6,0
-20.65,375.07,20,56.6,0
-20.81,375.08,20,56.6,0
-21.71,375.03,20,56.6,0
-22.56,374.95,20,56.6,0
-23.36,374.85,20,56.6,0
-23.62,374.82,20,56.6,0
-23.22,374.87,20,56.6,0
-23.29,374.88,20,56.6,0
-23.94,374.83,20,56.6,0
-24.5,374.76,20,56.6,0
-24.95,374.66,20,56.6,0
-25.24,374.62,20,56.6,0
-25.34,374.67,20,56.6,0
-25.15,374.7,20,56.6,0
-24.6,374.7,20,56.6,0
-24.3,374.68,20,56.6,0
-24.3,374.63,20,56.6,0
-24.43,374.62,20,56.58,0
-24.73,374.67,20,56.53,0
-25.08,374.68,20,56.5,0
-25.48,374.63,20,56.5,0
-25.41,374.6,20,56.5,0
-24.76,374.6,20,56.5,0
-24.56,374.6,20,56.5,0
-24.91,374.6,20,56.5,0
-24.79,374.62,20,56.5,0
-24.09,374.67,20,56.5,0
-23.21,374.72,20,56.5,0
-22.12,374.77,20,56.5,0
-21.57,374.82,20,56.5,0
-21.72,374.87,20,56.5,0
-21.23,374.9,20,56.5,0
-19.93,374.9,20,56.5,0
-19.83,374.88,20,56.5,0
-21.28,374.83,20,56.5,0
-22.03,374.8,20,56.5,0
-21.88,374.8,20,56.5,0
-21.56,374.8,20,56.5,0
-21.01,374.8,20,56.5,0
-21.83,374.73,20,56.5,0
-24.43,374.58,20,56.5,0
-25.92,374.48,20,56.5,0
-25.97,374.43,20,56.5,0
-26.13,374.38,20,56.5,0
-26.43,374.33,20,56.5,0
-26.34,374.34,20,56.5,0
-25.74,374.44,20,56.5,0
-25.57,374.48,20,56.5,0
-25.97,374.43,20,56.5,0
-26.07,374.4,20,56.5,0
-25.77,374.4,20,56.5,0
-25.94,374.38,20,56.5,0
-26.74,374.33,20,56.5,0
-27.01,374.3,20,56.5,0
-26.56,374.3,20,56.5,0
-26.6,374.28,20,56.5,0
-27.3,374.23,20,56.5,0
-27.57,374.22,20,56.5,0
-27.27,374.27,20,56.5,0
-26.8,374.3,20,56.5,0
-26.1,374.3,20,56.5,0
-25.79,374.32,20,56.5,0
-25.98,374.37,20,56.5,0
-25.39,374.44,20,56.5,0
-23.7,374.54,20,56.5,0
-22.84,374.58,20,56.5,0
-23.19,374.53,20,56.5,0
-22.83,374.56,20,56.5,0
-21.43,374.71,20,56.5,0
-20.4,374.8,20,56.5,0
-19.9,374.8,20,56.5,0
-19.35,374.82,20,56.5,0
-18.75,374.87,20,56.5,0
-18.4,374.9,20,56.5,0
-18.4,374.9,20,56.5,0
-18.44,374.88,20,56.5,0
-18.54,374.83,20,56.5,0
-18.72,374.8,20,56.5,0
-19.02,374.8,20,56.5,0
-19.22,374.82,20,56.5,0
-19.27,374.87,20,56.5,0
-18.88,374.9,20,56.5,0
-17.84,374.9,20,56.5,0
-17.07,374.94,20,56.5,0
-16.72,375.04,20,56.5,0
-16.1,375.12,20,56.5,0
-15.05,375.17,20,56.5,0
-13.98,375.22,20,56.5,0
-12.88,375.27,20,56.5,0
-11.97,375.34,20,56.5,0
-11.37,375.44,20,56.5,0
-10.87,375.48,20,56.5,0
-10.52,375.43,20,56.5,0
-10.49,375.4,20,56.5,0
-10.99,375.4,20,56.5,0
-11.3,375.42,20,56.5,0
-11.3,375.47,20,56.5,0
-11.24,375.48,20,56.5,0
-11.09,375.43,20,56.5,0
-11.04,375.4,20,56.5,0
-11.14,375.4,20,56.5,0
-11.16,375.42,20,56.5,0
-11.06,375.47,20,56.5,0
-11.02,375.48,20,56.5,0
-11.07,375.43,20,56.5,0
-11.1,375.42,20,56.5,0
-11.1,375.47,20,56.5,0
-11.08,375.48,20,56.5,0
-11.03,375.43,20,56.5,0
-11.0,375.4,20,56.5,0
-11.0,375.4,20,56.5,0
-11.23,375.4,20,56.5,0
-11.83,375.4,20,56.5,0
-11.65,375.42,20,56.5,0
-10.2,375.47,20,56.5,0
-9.38,375.5,20,56.5,0
-9.57,375.5,20,56.5,0
-9.92,375.5,20,56.5,0
-10.52,375.5,20,56.5,0
-10.81,375.48,20,56.5,0
-10.56,375.43,20,56.5,0
-10.58,375.42,20,56.5,0
-11.08,375.47,20,56.5,0
-11.36,375.5,20,56.5,0
-11.26,375.5,20,56.5,0
-11.16,375.48,20,56.5,0
-11.06,375.43,20,56.5,0
-11.13,375.4,20,56.5,0
-11.48,375.4,20,56.5,0
-11.53,375.4,20,56.5,0
-11.08,375.4,20,56.5,0
-10.76,375.42,20,56.5,0
-10.66,375.47,20,56.5,0
-10.71,375.48,20,56.5,0
-11.01,375.43,20,56.5,0
-11.13,375.4,20,56.5,0
-10.93,375.4,20,56.5,0
-11.0,375.4,20,56.5,0
-11.55,375.4,20,56.5,0
-11.9,375.4,20,56.5,0
-11.9,375.4,20,56.5,0
-11.84,375.38,20,56.5,0
-11.7,375.33,20,56.5,0
-11.75,375.32,20,56.5,0
-12.15,375.37,20,56.5,0
-12.38,375.38,20,56.48,0
-12.33,375.33,20,56.43,0
-12.04,375.3,20,56.4,0
-11.34,375.3,20,56.4,0
-11.05,375.32,20,56.4,0
-11.45,375.37,20,56.4,0
-11.63,375.38,20,56.4,0
-11.43,375.33,20,56.4,0
-11.32,375.3,20,56.4,0
-11.37,375.3,20,56.4,0
-11.4,375.32,20,56.4,0
-11.4,375.37,20,56.4,0
-11.38,375.38,20,56.4,0
-11.33,375.33,20,56.4,0
-11.26,375.32,20,56.4,0
-11.16,375.37,20,56.4,0
-11.03,375.4,20,56.4,0
-10.83,375.4,20,56.4,0
-10.59,375.4,20,56.4,0
-10.29,375.4,20,56.4,0
-10.19,375.42,20,56.4,0
-10.44,375.47,20,56.4,0
-10.22,375.52,20,56.4,0
-9.17,375.57,20,56.4,0
-8.64,375.58,20,56.4,0
-9.04,375.53,20,56.4,0
-9.28,375.5,20,56.4,0
-9.23,375.5,20,56.4,0
-8.88,375.52,20,56.4,0
-7.98,375.57,20,56.4,0
-7.1,375.64,20,56.4,0
-6.25,375.74,20,56.4,0
-3.7,375.93,20,56.4,0
1.9,376.28,20,56.4,0
6.68,376.61,20,56.4,0
9.98,376.91,20,56.4,0
14.07,377.28,20,56.4,0
19.57,377.78,20,56.4,0
24.24,378.19,20,56.4,0
27.44,378.44,20,56.4,0
28.79,378.56,20,56.4,0
26.79,378.46,20,56.4,0
25.3,378.4,20,56.4,0
24.75,378.4,20,56.4,0
24.35,378.38,20,56.4,0
24.2,378.33,20,56.4,0
23.8,378.3,20,56.4,0
22.95,378.3,20,56.4,0
21.76,378.25,20,56.42,0
19.96,378.1,20,56.47,0
18.21,377.95,20,56.5,0
16.56,377.8,20,56.5,0
14.68,377.65,20,56.5,0
12.38,377.5,20,56.5,0
10.72,377.4,20,56.5,0
10.22,377.4,20,56.5,0
9.61,377.36,20,56.5,0
8.81,377.26,20,56.5,0
7.71,377.18,20,56.5,0
6.06,377.13,20,56.5,0
4.52,377.03,20,56.5,0
3.17,376.83,20,56.5,0
1.62,376.65,20,56.5,0
-0.28,376.5,20,56.5,0
-1.89,376.38,20,56.5,0
-2.99,376.33,20,56.5,0
-3.66,376.28,20,56.5,0
-3.56,376.23,20,56.5,0
-3.93,376.18,20,56.5,0
-5.13,376.13,20,56.5,0
-6.45,376.05,20,56.5,0
-8.0,375.9,20,56.5,0
-9.07,375.78,20,56.5,0
-9.27,375.73,20,56.5,0
-10.1,375.68,20,56.5,0
-12.05,375.63,20,56.5,0
-13.91,375.53,20,56.5,0
-15.61,375.33,20,56.5,0
-18.86,375.04,20,56.48,0
-24.91,374.59,20,56.43,0
-31.12,374.12,20,56.4,0
-37.62,373.62,20,56.4,0
-42.53,373.21,20,56.4,0
-44.58,372.96,20,56.4,0
-46.45,372.73,20,56.4,0
-48.0,372.53,20,56.4,0
-49.0,372.4,20,56.4,0
-49.0,372.4,20,56.4,0
-48.8,372.4,20,56.4,0
-48.25,372.4,20,56.4,0
-48.01,372.4,20,56.4,0
-48.31,372.4,20,56.4,0
-48.38,372.4,20,56.4,0
-48.03,372.4,20,56.4,0
-47.76,372.4,20,56.4,0
-47.66,372.4,20,56.4,0
-47.65,372.42,20,56.4,0
-47.8,372.47,20,56.4,0
-47.6,372.48,20,56.4,0
-46.75,372.43,20,56.4,0
-46.2,372.4,20,56.4,0
-46.2,372.4,20,56.4,0
-46.32,372.4,20,56.4,0
-46.67,372.4,20,56.4,0
-46.38,372.4,20,56.4,0
-44.93,372.4,20,56.4,0
-42.98,372.49,20,56.4,0
-40.13,372.74,20,56.4,0
-37.0,373.01,20,56.4,0
-33.35,373.31,20,56.4,0
-30.11,373.57,20,56.4,0
-27.61,373.77,20,56.4,0
-25.57,373.95,20,56.4,0
-24.38,374.1,20,56.4,0
-22.95,374.24,20,56.4,0
-21.1,374.34,20,56.4,0
-19.83,374.38,20,56.4,0
-19.63,374.33,20,56.4,0
-18.92,374.37,20,56.4,0
-17.27,374.57,20,56.4,0
-16.08,374.7,20,56.4,0
-15.73,374.7,20,56.4,0
-15.08,374.74,20,56.4,0
-13.89,374.83,20,56.4,0
-12.9,374.93,20,56.4,0
-12.3,375.03,20,56.4,0
-11.54,375.1,20,56.4,0
-10.49,375.1,20,56.4,0
-10.01,375.12,20,56.4,0
-10.61,375.17,20,56.4,0
-10.74,375.2,20,56.4,0
-9.99,375.2,20,56.4,0
-9.72,375.18,20,56.4,0
-10.37,375.13,20,56.4,0
-10.97,375.12,20,56.4,0
-11.47,375.17,20,56.4,0
-11.49,375.18,20,56.4,0
-10.59,375.13,20,56.4,0
-10.17,375.12,20,56.4,0
-10.67,375.17,20,56.4,0
-11.03,375.2,20,56.4,0
-11.13,375.2,20,56.4,0
-11.17,375.18,20,56.4,0
-11.07,375.13,20,56.4,0
-11.13,375.12,20,56.4,0
-11.53,375.17,20,56.4,0
-11.83,375.18,20,56.4,0
-11.93,375.13,20,56.4,0
-12.28,375.08,20,56.4,0
-13.13,375.03,20,56.4,0
-13.72,375.0,20,56.4,0
-13.77,375.0,20,56.4,0
-13.72,374.98,20,56.4,0
-13.47,374.93,20,56.4,0
-13.5,374.9,20,56.4,0
-14.1,374.9,20,56.4,0
-14.47,374.9,20,56.4,0
-14.37,374.9,20,56.4,0
-14.37,374.88,20,56.4,0
-14.57,374.83,20,56.4,0
-14.81,374.82,20,56.4,0
-15.16,374.87,20,56.4,0
-15.25,374.88,20,56.4,0
-14.8,374.83,20,56.4,0
-14.68,374.8,20,56.4,0
-15.23,374.8,20,56.4,0
-15.45,374.82,20,56.4,0
-15.0,374.87,20,56.4,0
-14.73,374.87,20,56.38,0
-14.83,374.77,20,56.33,0
-15.37,374.68,20,56.3,0
-16.82,374.63,20,56.3,0
-17.57,374.62,20,56.3,0
-16.87,374.67,20,56.3,0
-16.33,374.68,20,56.3,0
-16.13,374.63,20,56.3,0
-16.26,374.62,20,56.3,0
-17.06,374.67,20,56.3,0
-17.42,374.68,20,56.3,0
-16.87,374.63,20,56.3,0
-16.48,374.6,20,56.3,0
-16.43,374.6,20,56.3,0
-16.53,374.62,20,56.3,0
-16.93,374.67,20,56.3,0
-17.07,374.68,20,56.3,0
-16.67,374.63,20,56.3,0
-16.48,374.6,20,56.3,0
-16.73,374.6,20,56.3,0
-16.9,374.62,20,56.3,0
-16.9,374.67,20,56.3,0
-16.75,374.68,20,56.3,0
-16.3,374.63,20,56.3,0
-16.1,374.62,20,56.3,0
-16.4,374.67,20,56.3,0
-16.57,374.68,20,56.3,0
-16.47,374.63,20,56.3,0
-16.4,374.58,20,56.3,0
-16.4,374.53,20,56.3,0
-16.51,374.52,20,56.3,0
-16.86,374.57,20,56.3,0
-17.02,374.6,20,56.3,0
-16.77,374.6,20,56.3,0
-16.62,374.6,20,56.3,0
-16.67,374.6,20,56.3,0
-16.81,374.6,20,56.3,0
-17.16,374.6,20,56.3,0
-17.06,374.6,20,56.3,0
-16.01,374.6,20,56.3,0
-15.45,374.62,20,56.3,0
-15.9,374.67,20,56.3,0
-16.17,374.7,20,56.3,0
-16.07,374.7,20,56.3,0
-15.54,374.72,20,56.3,0
-14.15,374.77,20,56.3,0
-13.18,374.82,20,56.3,0
-13.13,374.87,20,56.3,0
-13.03,374.9,20,56.3,0
-12.83,374.9,20,56.3,0
-12.96,374.87,20,56.3,0
-13.76,374.77,20,56.3,0
-14.17,374.73,20,56.3,0
-13.77,374.83,20,56.3,0
-13.4,374.9,20,56.3,0
-13.1,374.9,20,56.3,0
-13.03,374.88,20,56.3,0
-13.43,374.83,20,56.3,0
-13.67,374.82,20,56.3,0
-13.57,374.87,20,56.3,0
-13.34,374.9,20,56.3,0
-12.84,374.9,20,56.3,0
-12.37,374.92,20,56.3,0
-11.97,374.97,20,56.3,0
-11.68,375.0,20,56.3,0
-11.63,375.0,20,56.3,0
-11.54,374.98,20,56.3,0
-11.34,374.93,20,56.3,0
-11.35,374.92,20,56.3,0
-11.8,374.97,20,56.3,0
-12.04,375.0,20,56.3,0
-11.84,375.0,20,56.3,0
-11.76,374.98,20,56.3,0
-11.96,374.93,20,56.3,0
-12.12,374.92,20,56.3,0
-12.17,374.97,20,56.3,0
-12.17,374.98,20,56.3,0
-12.07,374.93,20,56.3,0
-12.08,374.9,20,56.3,0
-12.33,374.9,20,56.3,0
-12.53,374.9,20,56.3,0
-12.63,374.9,20,56.3,0
-12.55,374.9,20,56.3,0
-12.1,374.9,20,56.3,0
-11.9,374.9,20,56.3,0
-12.2,374.9,20,56.3,0
-12.17,374.92,20,56.3,0
-11.47,374.97,20,56.3,0
-11.03,374.98,20,56.3,0
-11.13,374.93,20,56.3,0
-11.28,374.92,20,56.3,0
-11.53,374.97,20,56.3,0
-11.6,375.0,20,56.3,0
-11.3,375.0,20,56.3,0
-11.2,374.98,20,56.3,0
-11.5,374.93,20,56.3,0
-11.6,374.93,20,56.3,0
-11.3,375.03,20,56.3,0
-10.77,375.1,20,56.3,0
-9.71,375.1,20,56.3,0
-8.98,375.12,20,56.3,0
-8.93,375.17,20,56.3,0
-8.88,375.22,20,56.3,0
-8.83,375.27,20,56.3,0
-8.61,375.28,20,56.3,0
-8.01,375.23,20,56.3,0
-7.52,375.22,20,56.3,0
-7.27,375.27,20,56.3,0
-6.95,375.33,20,56.3,0
-6.5,375.43,20,56.3,0
-5.71,375.5,20,56.3,0
-4.21,375.5,20,56.3,0
-3.09,375.55,20,56.3,0
-2.74,375.7,20,56.3,0
-2.65,375.78,20,56.3,0
-3.1,375.73,20,56.3,0
-3.24,375.68,20,56.3,0
-2.74,375.63,20,56.3,0
-2.8,375.6,20,56.3,0
-4.1,375.6,20,56.3,0
-4.91,375.6,20,56.3,0
-4.61,375.6,20,56.3,0
-4.34,375.58,20,56.3,0
-4.14,375.53,20,56.3,0
-3.97,375.52,20,56.3,0
-3.87,375.57,20,56.3,0
-3.34,375.63,20,56.3,0
-1.84,375.73,20,56.3,0
-1.03,375.8,20,56.3,0
-1.78,375.8,20,56.3,0
-2.24,375.82,20,56.3,0
-2.04,375.87,20,56.3,0
-1.84,375.88,20,56.3,0
-1.64,375.83,20,56.3,0
-1.73,375.8,20,56.3,0
-2.48,375.8,20,56.3,0
-2.91,375.8,20,56.3,0
-2.61,375.8,20,56.3,0
-2.26,375.8,20,56.3,0
-1.81,375.8,20,56.3,0
-1.73,375.8,20,56.3,0
-2.48,375.8,20,56.3,0
-2.83,375.8,20,56.3,0
-2.28,375.8,20,56.3,0
-1.9,375.8,20,56.3,0
-1.9,375.8,20,56.3,0
-2.04,375.8,20,56.3,0
-2.49,375.8,20,56.3,0
-2.68,375.8,20,56.3,0
-2.28,375.8,20,56.3,0
-2.14,375.8,20,56.3,0
-2.59,375.8,20,56.3,0
-2.84,375.8,20,56.3,0
-2.64,375.8,20,56.3,0
-2.36,375.8,20,56.3,0
-1.91,375.8,20,56.3,0
-1.48,375.82,20,56.3,0
-1.08,375.87,20,56.3,0
-0.21,375.95,20,56.3,0
1.69,376.1,20,56.3,0
3.44,376.23,20,56.3,0
4.84,376.33,20,56.3,0
6.75,376.48,20,56.3,0
9.8,376.73,20,56.3,0
13.15,376.99,20,56.3,0
17.15,377.29,20,56.3,0
19.67,377.5,20,56.3,0
18.92,377.5,20,56.3,0
18.04,377.5,20,56.3,0
16.89,377.5,20,56.3,0
16.15,377.48,20,56.3,0
16.3,377.43,20,56.3,0
16.18,377.4,20,56.3,0
15.48,377.4,20,56.3,0
15.03,377.4,20,56.3,0
15.13,377.4,20,56.3,0
15.2,377.38,20,56.3,0
15.2,377.33,20,56.3,0
14.94,377.3,20,56.3,0
14.09,377.3,20,56.3,0
13.81,377.32,20,56.3,0
14.81,377.37,20,56.3,0
15.41,377.38,20,56.3,0
15.11,377.33,20,56.3,0
14.74,377.32,20,56.3,0
14.24,377.37,20,56.3,0
13.65,377.37,20,56.3,0
12.85,377.27,20,56.3,0
11.86,377.17,20,56.3,0
10.46,377.07,20,56.3,0
9.08,376.98,20,56.3,0
7.73,376.93,20,56.3,0
6.55,376.87,20,56.3,0
5.75,376.77,20,56.3,0
4.8,376.67,20,56.3,0
3.5,376.57,20,56.3,0
2.66,376.5,20,56.3,0
2.86,376.5,20,56.3,0
3.06,376.5,20,56.3,0
3.26,376.5,20,56.3,0
3.09,376.48,20,56.3,0
2.09,376.43,20,56.3,0
1.18,376.37,20,56.3,0
0.48,376.27,20,56.3,0
-0.37,376.17,20,56.3,0
-1.57,376.07,20,56.3,0
-2.76,376.0,20,56.3,0
-3.9,376.0,20,56.3,0
-4.64,375.98,20,56.3,0
-4.44,375.93,20,56.3,0
-4.38,375.9,20,56.3,0
-4.63,375.9,20,56.3,0
-4.86,375.9,20,56.3,0
-5.06,375.9,20,56.3,0
-5.03,375.88,20,56.3,0
-4.48,375.83,20,56.3,0
-4.1,375.82,20,56.3,0
-4.1,375.87,20,56.3,0
-4.08,375.9,20,56.3,0
-4.03,375.9,20,56.3,0
-3.97,375.9,20,56.3,0
-3.87,375.9,20,56.3,0
-3.86,375.9,20,56.3,0
-4.06,375.9,20,56.3,0
-4.09,375.9,20,56.3,0
-3.74,375.9,20,56.3,0
-3.56,375.9,20,56.3,0
-3.76,375.9,20,56.3,0
-4.04,375.9,20,56.3,0
-4.49,375.9,20,56.3,0
-4.57,375.9,20,56.3,0
-3.82,375.9,20,56.3,0
-3.44,375.9,20,56.3,0
-3.89,375.9,20,56.3,0
-4.26,375.9,20,56.3,0
-4.46,375.9,20,56.3,0
-4.4,375.9,20,56.3,0
-3.75,375.9,20,56.3,0
-3.46,375.9,20,56.3,0
-3.96,375.9,20,56.3,0
-4.28,375.9,20,56.3,0
-4.23,375.9,20,56.3,0
-4.06,375.9,20,56.3,0
-3.61,375.9,20,56.3,0
-3.42,375.9,20,56.3,0
-3.82,375.9,20,56.3,0
-4.08,375.9,20,56.3,0
-4.03,375.9,20,56.3,0
-3.94,375.88,20,56.3,0
-3.74,375.83,20,56.3,0
-3.74,375.82,20,56.3,0
-4.19,375.87,20,56.3,0
-4.39,375.9,20,56.3,0
-4.04,375.9,20,56.3,0
-3.89,375.88,20,56.3,0
-4.19,375.83,20,56.3,0
-4.37,375.82,20,56.3,0
-4.27,375.87,20,56.3,0
-4.09,375.9,20,56.3,0
-3.74,375.9,20,56.3,0
-3.61,375.9,20,56.3,0
-3.96,375.9,20,56.3,0
-4.11,375.9,20,56.3,0
-3.81,375.9,20,56.3,0
-3.6,375.9,20,56.3,0
-3.6,375.9,20,56.3,0
-3.77,375.9,20,56.3,0
-4.32,375.9,20,56.3,0
-4.65,375.9,20,56.3,0
-4.5,375.9,20,56.3,0
-4.55,375.87,20,56.3,0
-5.05,375.77,20,56.3,0
-6.0,375.68,20,56.3,0
-8.0,375.64,20,56.3,0
-9.64,375.56,20,56.3,0
-10.44,375.41,20,56.3,0
-11.27,375.27,20,56.3,0
-12.17,375.17,20,56.3,0
-13.18,375.08,20,56.3,0
-14.43,375.03,20,56.3,0
-15.8,374.95,20,56.3,0
-17.45,374.8,20,56.3,0
-19.31,374.64,20,56.3,0
-21.66,374.44,20,56.3,0
-23.92,374.27,20,56.3,0
-25.97,374.17,20,56.3,0
-27.66,374.05,20,56.3,0
-28.51,373.9,20,56.3,0
-29.15,373.8,20,56.3,0
-29.3,373.8,20,56.3,0
-28.83,373.83,20,56.3,0
-26.93,373.93,20,56.3,0
-25.0,374.03,20,56.3,0
-23.0,374.13,20,56.3,0
-21.45,374.23,20,56.3,0
-20.95,374.33,20,56.3,0
-20.39,374.42,20,56.3,0
-19.69,374.47,20,56.3,0
-19.2,374.5,20,56.3,0
-19.2,374.5,20,56.3,0
-19.5,374.49,20,56.3,0
-20.5,374.44,20,56.3,0
-21.29,374.39,20,56.3,0
-21.59,374.34,20,56.3,0
-22.38,374.26,20,56.3,0
-24.33,374.11,20,56.3,0
-25.98,373.99,20,56.3,0
-26.93,373.94,20,56.3,0
-27.78,373.87,20,56.3,0
-28.38,373.77,20,56.3,0
-29.07,373.69,20,56.29,0
-29.97,373.64,20,56.24,0
-30.81,373.57,20,56.2,0
-31.51,373.47,20,56.2,0
-32.01,373.39,20,56.2,0
-32.06,373.34,20,56.2,0
-32.56,373.29,20,56.2,0
-34.11,373.24,20,56.2,0
-35.36,373.17,20,56.2,0
-35.91,373.07,20,56.2,0
-36.41,372.98,20,56.2,0
-36.76,372.93,20,56.2,0
-37.35,372.87,20,56.2,0
-38.5,372.77,20,56.2,0
-39.47,372.68,20,56.2,0
-40.02,372.63,20,56.2,0
-40.79,372.57,20,56.2,0
-42.09,372.47,20,56.2,0
-43.44,372.37,20,56.2,0
-44.89,372.27,20,56.2,0
-46.1,372.17,20,56.2,0
-46.75,372.07,20,56.2,0
-47.61,371.97,20,56.2,0
-48.96,371.87,20,56.2,0
-50.07,371.77,20,56.2,0
-50.62,371.67,20,56.2,0
-51.17,371.6,20,56.2,0
-51.72,371.6,20,56.2,0
-52.18,371.58,20,56.2,0
-52.43,371.53,20,56.2,0
-52.54,371.48,20,56.2,0
-52.34,371.43,20,56.2,0
-52.31,371.4,20,56.2,0
-52.66,371.4,20,56.2,0
-53.08,371.4,20,56.2,0
-53.68,371.4,20,56.2,0
-53.48,371.42,20,56.2,0
-51.43,371.47,20,56.2,0
-50.38,371.5,20,56.2,0
-51.63,371.5,20,56.2,0
-52.09,371.52,20,56.2,0
-50.74,371.57,20,56.2,0
-49.48,371.62,20,56.2,0
-48.43,371.67,20,56.2,0
-47.82,371.7,20,56.2,0
-48.22,371.7,20,56.2,0
-48.41,371.7,20,56.2,0
-48.11,371.7,20,56.2,0
-47.75,371.7,20,56.2,0
-47.25,371.7,20,56.2,0
-46.82,371.72,20,56.18,0
-46.57,371.77,20,56.13,0
-45.95,371.82,20,56.1,0
-44.45,371.87,20,56.1,0
-42.27,371.99,20,56.1,0
-38.52,372.29,20,56.1,0
-35.39,372.55,20,56.1,0
-33.69,372.69,20,56.1,0
-32.02,372.83,20,56.1,0
-30.42,372.93,20,56.1,0
-30.22,372.95,20,56.1,0
-33.27,372.8,20,56.1,0
-38.84,372.46,20,56.1,0
-50.29,371.66,20,56.1,0
-64.49,370.59,20,56.1,0
-85.08,368.89,20,56.1,0
-102.35,367.47,20,56.1,0
-111.85,366.73,20,56.1,0
-119.32,366.11,20,56.1,0
-122.07,365.81,20,56.1,0
-123.67,365.58,20,56.1,0
-122.57,365.53,20,56.1,0
-120.22,365.62,20,56.1,0
-114.97,366.02,20,56.1,0
-107.64,366.56,20,56.1,0
-95.44,367.41,20,56.1,0
-82.4,368.32,20,56.1,0
-67.4,369.36,20,56.1,0
-54.8,370.29,20,56.1,0
-47.8,370.94,20,56.1,0
-42.0,371.5,20,56.1,0
-39.0,371.85,20,56.1,0
-36.35,372.14,20,56.1,0
-34.5,372.29,20,56.1,0
-32.69,372.43,20,56.09,0
-30.99,372.53,20,56.04,0
-29.59,372.6,20,56.0,0
-28.89,372.6,20,56.0,0
-28.43,372.63,20,56.0,0
-28.53,372.73,20,56.0,0
-28.84,372.79,20,56.0,0
-29.64,372.74,20,56.0,0
-27.74,372.86,20,56.0,0
-19.54,373.41,20,56.0,0
-13.52,373.84,20,56.0,0
-12.57,373.99,20,56.0,0
-12.48,374.09,20,56.0,0
-14.43,374.04,20,56.0,0
-16.5,373.91,20,56.0,0
-18.85,373.61,20,56.0,0
-20.72,373.39,20,56.0,0
-21.47,373.34,20,56.0,0
-21.66,373.34,20,56.0,0
-20.5,373.5,20,56.0,0
-19.31,373.62,20,56.0,0
-18.01,373.67,20,56.0,0
-17.15,373.72,20,56.0,0
-17.3,373.77,20,56.0,0
-16.53,373.83,20,56.0,0
-13.63,373.93,20,56.0,0
-11.69,374.05,20,56.0,0
-11.99,374.2,20,56.0,0
-12.43,374.27,20,56.0,0
-13.18,374.17,20,56.0,0
-13.94,374.08,20,56.0,0
-14.74,374.03,20,56.0,0
-15.24,374.0,20,56.0,0
-15.04,374.0,20,56.0,0
-14.95,374.02,20,56.0,0
-15.1,374.07,20,56.0,0
-14.94,374.07,20,56.0,0
-14.09,373.97,20,56.0,0
-13.36,373.98,20,56.0,0
-12.91,374.23,20,56.0,0
-12.32,374.37,20,56.0,0
-11.37,374.27,20,56.0,0
-10.82,374.23,20,56.0,0
-11.22,374.33,20,56.0,0
-11.35,374.39,20,56.0,0
-10.85,374.34,20,56.0,0
-10.43,374.31,20,56.0,0
-10.18,374.36,20,56.0,0
-9.9,374.41,20,56.0,0
-9.55,374.46,20,56.0,0
-9.63,374.49,20,56.0,0
-10.73,374.44,20,56.0,0
-10.81,374.41,20,56.0,0
-8.51,374.46,20,56.0,0
-6.77,374.56,20,56.0,0
-6.32,374.76,20,56.0,0
-5.75,374.89,20,56.0,0
-4.9,374.84,20,56.0,0
-4.45,374.8,20,56.0,0
-4.95,374.8,20,56.0,0
-5.36,374.8,20,56.0,0
-5.56,374.8,20,56.0,0
-5.98,374.79,20,56.0,0
-6.93,374.74,20,56.0,0
-7.69,374.67,20,56.0,0
-7.99,374.57,20,56.0,0
-9.04,374.46,20,56.0,0
-11.84,374.31,20,56.0,0
-13.25,374.23,20,56.0,0
-11.4,374.33,20,56.0,0
-10.47,374.37,20,56.0,0
-11.72,374.27,20,56.0,0
-12.78,374.19,20,56.0,0
-13.38,374.14,20,56.0,0
-13.84,374.1,20,56.0,0
-13.99,374.1,20,56.0,0
-13.85,374.11,20,56.0,0
-13.0,374.16,20,56.0,0
-12.98,374.17,20,56.0,0
-14.93,374.07,20,56.0,0
-16.31,373.97,20,56.0,0
-16.36,373.87,20,56.0,0
-16.61,373.81,20,56.0,0
-17.31,373.86,20,56.0,0
-17.17,373.91,20,56.0,0
-15.07,373.96,20,56.0,0
-13.97,374.0,20,56.0,0
-15.22,374.0,20,56.0,0
-15.67,374.04,20,56.0,0
-14.22,374.19,20,56.0,0
-13.17,374.29,20,56.0,0
-13.07,374.24,20,56.0,0
-12.64,374.21,20,56.0,0
-11.44,374.26,20,56.0,0
-11.14,374.3,20,56.0,0
-12.94,374.3,20,56.0,0
-14.07,374.26,20,56.0,0
-13.62,374.11,20,56.0,0
-13.6,374.03,20,56.0,0
-14.6,374.13,20,56.0,0
-14.82,374.2,20,56.0,0
-13.22,374.2,20,56.0,0
-12.46,374.19,20,56.0,0
-13.66,374.14,20,56.0,0
-14.4,374.1,20,56.0,0
-14.05,374.1,20,56.0,0
-14.31,374.09,20,56.0,0
-16.01,374.04,20,56.0,0
-17.29,373.97,20,56.0,0
-17.59,373.87,20,56.0,0
-18.25,373.79,20,56.0,0
-19.75,373.74,20,56.0,0
-20.81,373.66,20,56.0,0
-20.86,373.51,20,56.0,0
-21.69,373.39,20,56.0,0
-24.34,373.34,20,56.0,0
-26.13,373.27,20,56.0,0
-25.88,373.17,20,56.0,0
-26.27,373.07,20,56.0,0
-28.17,372.97,20,56.0,0
-29.5,372.9,20,56.0,0
-29.5,372.9,20,56.0,0
-30.13,372.86,20,56.0,0
-32.23,372.71,20,56.0,0
-34.01,372.56,20,56.0,0
-35.06,372.41,20,56.0,0
-36.43,372.29,20,56.0,0
-38.53,372.24,20,56.0,0
-40.0,372.16,20,56.0,0
-40.0,372.01,20,56.0,0
-40.69,371.89,20,55.99,0
-42.99,371.84,20,55.94,0
-44.09,371.8,20,55.9,0
-42.39,371.8,20,55.9,0
-41.27,371.8,20,55.9,0
-41.52,371.8,20,55.9,0
-41.46,371.8,20,55.9,0
-40.66,371.8,20,55.9,0
-40.31,371.8,20,55.9,0
-41.01,371.8,20,55.9,0
-41.2,371.8,20,55.9,0
-40.2,371.8,20,55.9,0
-39.62,371.81,20,55.9,0
-40.02,371.86,20,55.9,0
-40.02,371.89,20,55.9,0
-39.07,371.84,20,55.9,0
-38.39,371.83,20,55.9,0
-38.34,371.93,20,55.9,0
-38.29,372.0,20,55.9,0
-38.24,372.0,20,55.9,0
-38.08,372.01,20,55.9,0
-37.68,372.06,20,55.9,0
-37.07,372.1,20,55.9,0
-35.97,372.1,20,55.9,0
-35.3,372.11,20,55.9,0
-35.65,372.16,20,55.9,0
-35.69,372.19,20,55.9,0
-34.99,372.14,20,55.9,0
-34.84,372.1,20,55.9,0
-35.99,372.1,20,55.9,0
-36.52,372.09,20,55.9,0
-35.57,372.04,20,55.9,0
-34.87,372.04,20,55.9,0
-34.77,372.19,20,55.9,0
-33.24,372.39,20,55.9,0
-28.34,372.69,20,55.9,0
-24.68,372.93,20,55.9,0
-23.93,373.03,20,55.9,0
-23.04,373.11,20,55.9,0
-21.84,373.16,20,55.9,0
-20.67,373.24,20,55.9,0
-19.57,373.39,20,55.9,0
-19.25,373.46,20,55.9,0
-20.75,373.31,20,55.9,0
-22.34,373.19,20,55.9,0
-24.14,373.14,20,55.9,0
-25.39,373.06,20,55.9,0
-25.34,372.91,20,55.9,0
-26.24,372.79,20,55.9,0
-29.39,372.74,20,55.9,0
-31.85,372.64,20,55.9,0
-32.7,372.44,20,55.9,0
-33.87,372.26,20,55.9,0
-35.77,372.11,20,55.9,0
-37.46,371.97,20,55.9,0
-38.66,371.87,20,55.9,0
-39.81,371.79,20,55.9,0
-40.86,371.74,20,55.9,0
-41.97,371.66,20,55.9,0
-43.22,371.51,20,55.9,0
-44.73,371.37,20,55.9,0
-46.83,371.27,20,55.9,0
-48.43,371.14,20,55.9,0
-48.88,370.94,20,55.9,0
-49.05,370.86,20,55.89,0
-48.55,371.06,20,55.84,0
-47.34,371.21,20,55.8,0
-44.44,371.26,20,55.8,0
-41.18,371.42,20,55.8,0
-37.08,371.82,20,55.8,0
-33.32,372.17,20,55.8,0
-30.37,372.42,20,55.8,0
-27.47,372.64,20,55.8,0
-24.67,372.79,20,55.8,0
-21.7,372.97,20,55.8,0
-18.35,373.22,20,55.8,0
-15.99,373.43,20,55.8,0
-15.94,373.53,20,55.8,0
-14.99,373.64,20,55.8,0
-11.94,373.79,20,55.8,0
-9.62,373.94,20,55.8,0
-9.02,374.09,20,55.8,0
-7.81,374.23,20,55.8,0
-5.16,374.33,20,55.8,0
-2.68,374.47,20,55.8,0
-0.57,374.72,20,55.8,0
1.12,374.91,20,55.8,0
1.87,374.96,20,55.8,0
2.46,375.01,20,55.8,0
2.66,375.06,20,55.8,0
2.84,375.13,20,55.8,0
2.99,375.23,20,55.8,0
2.73,375.27,20,55.8,0
1.48,375.17,20,55.8,0
0.45,375.07,20,55.8,0
-0.05,374.97,20,55.8,0
-0.4,374.9,20,55.8,0
-0.4,374.9,20,55.8,0
-0.37,374.89,20,55.8,0
-0.27,374.84,20,55.8,0
-0.32,374.79,20,55.8,0
-0.72,374.74,20,55.8,0
-1.18,374.7,20,55.8,0
-1.78,374.7,20,55.8,0
-2.17,374.7,20,55.8,0
-2.07,374.7,20,55.8,0
-2.16,374.7,20,55.8,0
-2.71,374.7,20,55.8,0
-3.44,374.7,20,55.8,0
-4.59,374.7,20,55.8,0
-5.8,374.67,20,55.8,0
-7.15,374.57,20,55.8,0
-8.96,374.46,20,55.8,0
-11.86,374.31,20,55.8,0
-14.32,374.17,20,55.8,0
-15.72,374.07,20,55.8,0
-17.24,373.96,20,55.8,0
-19.04,373.81,20,55.8,0
-20.64,373.66,20,55.8,0
-21.79,373.51,20,55.8,0
-22.33,373.39,20,55.8,0
-21.43,373.34,20,55.8,0
-20.8,373.3,20,55.8,0
-20.8,373.3,20,55.8,0
-21.14,373.26,20,55.8,0
-22.29,373.11,20,55.8,0
-23.35,372.96,20,55.8,0
-24.2,372.81,20,55.8,0
-24.31,372.76,20,55.8,0
-22.66,372.96,20,55.8,0
-21.31,373.14,20,55.8,0
-20.66,373.29,20,55.8,0
-19.47,373.49,20,55.8,0
-17.02,373.79,20,55.8,0
-13.78,374.1,20,55.8,0
-8.68,374.45,20,55.8,0
-4.0,374.76,20,55.8,0
-0.3,374.96,20,55.8,0
3.3,375.16,20,55.8,0
6.65,375.36,20,55.8,0
9.45,375.54,20,55.8,0
10.95,375.69,20,55.8,0
11.82,375.84,20,55.8,0
11.22,375.99,20,55.8,0
11.1,376.1,20,55.8,0
12.1,376.1,20,55.8,0
13.08,376.11,20,55.8,0
14.03,376.16,20,55.8,0
14.8,376.19,20,55.8,0
15.15,376.14,20,55.8,0
14.75,376.11,20,55.8,0
12.55,376.16,20,55.8,0
10.36,376.17,20,55.8,0
8.21,376.07,20,55.8,0
6.25,375.91,20,55.8,0
4.75,375.61,20,55.8,0
2.97,375.34,20,55.8,0
0.52,375.14,20,55.8,0
-2.07,374.94,20,55.8,0
-5.02,374.74,20,55.8,0
-8.91,374.5,20,55.8,0
-15.01,374.15,20,55.8,0
-20.13,373.81,20,55.8,0
-22.93,373.51,20,55.8,0
-25.14,373.23,20,55.8,0
-25.94,372.98,20,55.8,0
-27.57,372.8,20,55.8,0
-31.17,372.8,20,55.8,0
-34.17,372.71,20,55.8,0
-35.77,372.41,20,55.8,0
-36.68,372.19,20,55.8,0
-35.93,372.14,20,55.8,0
-36.16,372.09,20,55.8,0
-38.71,372.04,20,55.8,0
-39.79,372.0,20,55.8,0
-37.39,372.0,20,55.8,0
-35.71,372.03,20,55.8,0
-35.76,372.13,20,55.8,0
-35.19,372.24,20,55.8,0
-33.14,372.39,20,55.8,0
-30.71,372.56,20,55.8,0
-27.36,372.76,20,55.8,0
-23.14,373.05,20,55.8,0
-16.84,373.55,20,55.8,0
-11.59,373.99,20,55.8,0
-8.84,374.29,20,55.8,0
-5.42,374.62,20,55.8,0
-0.43,375.02,20,55.8,0
3.94,375.36,20,55.8,0
6.79,375.56,20,55.8,0
9.68,375.77,20,55.8,0
12.69,376.02,20,55.8,0
15.27,376.24,20,55.8,0
16.87,376.39,20,55.8,0
18.24,376.51,20,55.8,0
19.04,376.56,20,55.8,0
20.01,376.63,20,55.8,0
21.41,376.73,20,55.8,0
22.41,376.86,20,55.8,0
22.46,377.06,20,55.8,0
23.44,377.21,20,55.8,0
26.69,377.26,20,55.8,0
29.0,377.31,20,55.8,0
29.0,377.36,20,55.8,0
28.87,377.44,20,55.8,0
28.42,377.59,20,55.8,0
28.46,377.7,20,55.8,0
29.71,377.7,20,55.8,0
30.22,377.66,20,55.8,0
28.92,377.51,20,55.8,0
27.9,377.44,20,55.8,0
27.55,377.59,20,55.8,0
29.08,377.77,20,55.8,0
35.23,378.02,20,55.8,0
41.21,378.34,20,55.8,0
46.76,378.84,20,55.8,0
54.6,379.52,20,55.8,0
68.05,380.62,20,55.8,0
80.77,381.63,20,55.8,0
91.72,382.43,20,55.8,0
98.11,382.97,20,55.8,0
93.31,382.87,20,55.8,0
89.68,382.76,20,55.8,0
88.93,382.61,20,55.8,0
87.91,382.51,20,55.8,0
86.21,382.56,20,55.8,0
85.1,382.6,20,55.81,0
85.45,382.6,20,55.86,0
86.22,382.61,20,55.9,0
88.02,382.66,20,55.9,0
89.2,382.74,20,55.9,0
88.85,382.89,20,55.9,0
87.99,382.97,20,55.9,0
85.89,382.87,20,55.9,0
84.14,382.76,20,55.9,0
83.24,382.61,20,55.9,0
82.18,382.47,20,55.9,0
80.73,382.37,20,55.9,0
80.26,382.36,20,55.9,0
82.21,382.56,20,55.9,0
83.43,382.69,20,55.9,0
82.83,382.64,20,55.9,0
82.83,382.66,20,55.9,0
84.33,382.86,20,55.9,0
86.43,383.09,20,55.9,0
89.98,383.39,20,55.9,0
93.3,383.66,20,55.9,0
96.05,383.86,20,55.9,0
97.57,384.0,20,55.9,0
96.07,384.0,20,55.9,0
95.26,384.0,20,55.91,0
96.16,384.0,20,55.96,0
97.19,384.04,20,56.0,0
98.54,384.19,20,56.0,0
98.82,384.27,20,56.0,0
96.47,384.17,20,56.0,0
94.48,384.07,20,56.0,0
93.38,383.97,20,56.0,0
91.76,383.84,20,56.0,0
88.86,383.64,20,56.0,0
86.0,383.46,20,56.0,0
83.25,383.31,20,56.0,0
80.45,383.13,20,56.0,0
77.5,382.88,20,56.0,0
74.76,382.67,20,56.0,0
72.56,382.57,20,56.0,0
70.78,382.5,20,56.0,0
70.03,382.5,20,56.0,0
69.21,382.46,20,56.0,0
68.21,382.31,20,56.0,0
67.33,382.21,20,56.0,0
66.73,382.26,20,56.0,0
66.01,382.27,20,56.0,0
65.01,382.17,20,56.0,0
64.26,382.09,20,56.0,0
64.11,382.04,20,56.0,0
63.51,382.0,20,56.0,0
61.81,382.0,20,56.0,0
60.77,382.0,20,56.0,0
61.37,382.0,20,56.0,0
61.6,381.99,20,56.01,0
60.9,381.94,20,56.06,0
59.91,381.9,20,56.1,0
58.21,381.9,20,56.1,0
57.0,381.87,20,56.1,0
57.0,381.77,20,56.1,0
56.64,381.69,20,56.1,0
55.39,381.64,20,56.1,0
54.3,381.6,20,56.1,0
53.6,381.6,20,56.1,0
52.93,381.57,20,56.1,0
52.33,381.47,20,56.1,0
51.24,381.36,20,56.1,0
48.94,381.21,20,56.1,0
45.94,380.98,20,56.1,0
41.24,380.58,20,56.1,0
37.84,380.27,20,56.1,0
37.64,380.17,20,56.1,0
37.47,380.1,20,56.1,0
37.37,380.1,20,56.1,0
37.46,380.09,20,56.1,0
38.01,380.04,20,56.1,0
38.15,379.97,20,56.1,0
37.3,379.87,20,56.1,0
37.05,379.84,20,56.1,0
38.25,379.99,20,56.1,0
39.26,380.11,20,56.1,0
39.81,380.16,20,56.1,0
40.03,380.2,20,56.1,0
39.43,380.2,20,56.1,0
38.64,380.2,20,56.1,0
37.39,380.2,20,56.1,0
36.51,380.2,20,56.1,0
36.56,380.2,20,56.1,0
36.61,380.17,20,56.1,0
36.66,380.07,20,56.1,0
36.73,380.0,20,56.1,0
36.83,380.0,20,56.1,0
36.81,380.0,20,56.1,0
36.51,380.0,20,56.1,0
36.13,380.01,20,56.1,0
35.53,380.06,20,56.1,0
35.24,380.07,20,56.1,0
35.74,379.97,20,56.1,0
35.35,379.87,20,56.1,0
32.75,379.77,20,56.1,0
30.65,379.7,20,56.1,0
29.81,379.7,20,56.1,0
29.08,379.66,20,56.1,0
28.68,379.51,20,56.1,0
27.9,379.39,20,56.1,0
26.15,379.34,20,56.1,0
24.94,379.3,20,56.1,0
25.09,379.3,20,56.1,0
24.96,379.26,20,56.11,0
24.11,379.11,20,56.16,0
21.21,378.87,20,56.2,0
13.26,378.42,20,56.2,0
8.72,378.16,20,56.2,0
12.62,378.36,20,56.2,0
14.38,378.4,20,56.2,0
10.83,378.05,20,56.2,0
8.04,377.8,20,56.2,0
7.14,377.8,20,56.2,0
6.47,377.79,20,56.2,0
6.37,377.74,20,56.2,0
6.11,377.67,20,56.2,0
5.46,377.57,20,56.2,0
4.83,377.5,20,56.2,0
4.23,377.5,20,56.2,0
3.73,377.49,20,56.2,0
3.48,377.44,20,56.2,0
3.14,377.39,20,56.2,0
2.59,377.34,20,56.2,0
2.01,377.29,20,56.2,0
1.36,377.24,20,56.2,0
0.74,377.17,20,56.2,0
0.19,377.07,20,56.2,0
-0.43,377.0,20,56.2,0
-1.23,377.0,20,56.2,0
-1.93,376.99,20,56.2,0
-2.38,376.94,20,56.2,0
-2.7,376.89,20,56.2,0
-2.7,376.84,20,56.2,0
-2.86,376.8,20,56.2,0
-3.41,376.8,20,56.2,0
-3.71,376.8,20,56.2,0
-3.41,376.8,20,56.2,0
-3.21,376.79,20,56.2,0
-3.26,376.74,20,56.2,0
-3.37,376.7,20,56.2,0
-3.62,376.7,20,56.2,0
-3.68,376.7,20,56.2,0
-3.28,376.7,20,56.2,0
-3.04,376.7,20,56.2,0
-3.19,376.7,20,56.2,0
-3.39,376.7,20,56.2,0
-3.69,376.7,20,56.2,0
-3.84,376.69,20,56.2,0
-3.64,376.64,20,56.2,0
-3.54,376.61,20,56.2,0
-3.69,376.66,20,56.2,0
-3.79,376.7,20,56.2,0
-3.74,376.7,20,56.2,0
-3.69,376.69,20,56.2,0
-3.64,376.64,20,56.2,0
-3.7,376.6,20,56.2,0
-4.05,376.6,20,56.2,0
-4.37,376.6,20,56.2,0
-4.62,376.6,20,56.2,0
-4.86,376.59,20,56.2,0
-5.06,376.54,20,56.2,0
-5.31,376.5,20,56.2,0
-5.71,376.5,20,56.2,0
-6.09,376.49,20,56.2,0
-6.39,376.44,20,56.2,0
-6.87,376.37,20,56.2,0
-7.82,376.27,20,56.2,0
-9.06,376.17,20,56.19,0
-11.01,376.07,20,56.14,0
-12.83,375.96,20,56.1,0
-14.33,375.81,20,56.1,0
-15.92,375.66,20,56.1,0
-17.72,375.51,20,56.1,0
-19.24,375.37,20,56.1,0
-20.09,375.27,20,56.1,0
-20.77,375.19,20,56.1,0
-21.02,375.14,20,56.1,0
-21.14,375.1,20,56.1,0
-20.94,375.1,20,56.1,0
-20.43,375.13,20,56.1,0
-19.13,375.23,20,56.1,0
-18.21,375.29,20,56.1,0
-18.26,375.24,20,56.1,0
-18.37,375.2,20,56.1,0
-18.62,375.2,20,56.1,0
-18.18,375.24,20,56.1,0
-16.03,375.39,20,56.1,0
-13.58,375.57,20,56.1,0
-10.38,375.82,20,56.1,0
-7.61,376.04,20,56.1,0
-5.91,376.19,20,56.1,0
-4.37,376.33,20,56.1,0
-3.22,376.43,20,56.1,0
-2.41,376.5,20,56.1,0
-2.46,376.5,20,56.1,0
-2.4,376.51,20,56.1,0
-2.05,376.56,20,56.1,0
-1.69,376.6,20,56.1,0
-1.29,376.6,20,56.1,0
-0.96,376.6,20,56.1,0
-0.81,376.6,20,56.1,0
-0.64,376.61,20,56.1,0
-0.44,376.66,20,56.1,0
-0.26,376.7,20,56.1,0
-0.11,376.7,20,56.1,0
0.0,376.7,20,56.1,0
0.0,376.7,20,56.1,0
0.06,376.7,20,56.1,0
0.26,376.7,20,56.1,0
0.34,376.7,20,56.1,0
0.14,376.7,20,56.1,0
-0.11,376.7,20,56.1,0
-0.51,376.7,20,56.1,0
-0.8,376.69,20,56.1,0
-0.8,376.64,20,56.1,0
-0.83,376.6,20,56.1,0
-0.93,376.6,20,56.1,0
-1.13,376.6,20,56.1,0
-1.58,376.6,20,56.1,0
-1.86,376.59,20,56.1,0
-1.71,376.54,20,56.1,0
-1.77,376.5,20,56.1,0
-2.37,376.5,20,56.1,0
-2.97,376.49,20,56.1,0
-3.57,376.44,20,56.1,0
-3.9,376.4,20,56.1,0
-3.55,376.4,20,56.1,0
-3.43,376.4,20,56.1,0
-3.88,376.4,20,56.1,0
-4.17,376.4,20,56.1,0
-4.07,376.4,20,56.1,0
-3.93,376.39,20,56.1,0
-3.68,376.34,20,56.1,0
-3.57,376.31,20,56.1,0
-3.82,376.36,20,56.1,0
-3.94,376.4,20,56.1,0
-3.74,376.4,20,56.1,0
-3.59,376.39,20,56.1,0
-3.54,376.34,20,56.1,0
-3.6,376.31,20,56.1,0
-3.95,376.36,20,56.1,0
-4.16,376.4,20,56.1,0
-4.01,376.4,20,56.1,0
-3.89,376.4,20,56.1,0
-3.84,376.4,20,56.1,0
-3.76,376.4,20,56.1,0
-3.61,376.4,20,56.1,0
-3.4,376.4,20,56.1,0
-3.05,376.4,20,56.1,0
-2.87,376.41,20,56.1,0
-3.12,376.46,20,56.1,0
-3.23,376.5,20,56.1,0
-2.98,376.5,20,56.1,0
-2.66,376.49,20,56.1,0
-2.16,376.44,20,56.1,0
-1.87,376.41,20,56.1,0
-2.12,376.46,20,56.1,0
-2.16,376.5,20,56.1,0
-1.66,376.5,20,56.1,0
-1.23,376.5,20,56.1,0
-0.98,376.5,20,56.1,0
-0.93,376.51,20,56.1,0
-1.38,376.56,20,56.1,0
-1.74,376.59,20,56.1,0
-1.89,376.54,20,56.1,0
-2.1,376.49,20,56.1,0
-2.45,376.44,20,56.1,0
-2.83,376.4,20,56.1,0
-3.28,376.4,20,56.1,0
-3.54,376.4,20,56.1,0
-3.34,376.4,20,56.1,0
-3.21,376.39,20,56.1,0
-3.26,376.34,20,56.1,0
-3.33,376.31,20,56.1,0
-3.43,376.36,20,56.1,0
-3.41,376.39,20,56.1,0
-3.11,376.34,20,56.1,0
-2.96,376.3,20,56.1,0
-3.16,376.3,20,56.1,0
-3.33,376.3,20,56.1,0
-3.43,376.3,20,56.1,0
-3.46,376.3,20,56.1,0
-3.31,376.3,20,56.1,0
-3.27,376.3,20,56.1,0
-3.52,376.3,20,56.1,0
-3.7,376.3,20,56.1,0
-3.7,376.3,20,56.1,0
-3.66,376.3,20,56.1,0
-3.51,376.3,20,56.1,0
-3.5,376.3,20,56.1,0
-3.85,376.3,20,56.1,0
-4.04,376.3,20,56.1,0
-3.84,376.3,20,56.1,0
-3.7,376.29,20,56.1,0
-3.7,376.24,20,56.1,0
-3.79,376.21,20,56.1,0
-4.09,376.26,20,56.1,0
-4.21,376.3,20,56.1,0
-3.91,376.3,20,56.1,0
-3.71,376.3,20,56.1,0
-3.76,376.3,20,56.1,0
-3.89,376.3,20,56.1,0
-4.19,376.3,20,56.1,0
-4.28,376.3,20,56.1,0
-3.88,376.3,20,56.1,0
-3.66,376.29,20,56.1,0
-3.86,376.24,20,56.1,0
-4.04,376.21,20,56.1,0
-4.19,376.26,20,56.1,0
-4.17,376.29,20,56.1,0
-3.72,376.24,20,56.1,0
-3.55,376.2,20,56.1,0
-4.05,376.2,20,56.1,0
-4.5,376.2,20,56.1,0
-4.85,376.2,20,56.1,0
-5.14,376.19,20,56.1,0
-5.29,376.14,20,56.1,0
-5.53,376.1,20,56.1,0
-5.98,376.1,20,56.1,0
-6.36,376.1,20,56.1,0
-6.56,376.1,20,56.1,0
-6.69,376.09,20,56.1,0
-6.64,376.04,20,56.1,0
-6.75,376.0,20,56.1,0
-7.25,376.0,20,56.1,0
-7.67,375.99,20,56.1,0
-7.92,375.94,20,56.1,0
-8.14,375.89,20,56.1,0
-8.29,375.84,20,56.1,0
-8.71,375.79,20,56.1,0
-9.76,375.74,20,56.1,0
-10.66,375.69,20,56.1,0
-11.21,375.64,20,56.1,0
-11.73,375.59,20,56.1,0
-12.18,375.54,20,56.1,0
-12.69,375.5,20,56.1,0
-13.34,375.5,20,56.1,0
-13.83,375.49,20,56.1,0
-13.93,375.44,20,56.1,0
-13.72,375.41,20,56.1,0
-12.77,375.46,20,56.1,0
-11.81,375.53,20,56.1,0
-10.81,375.63,20,56.1,0
-9.75,375.71,20,56.1,0
-8.55,375.76,20,56.1,0
-7.54,375.81,20,56.1,0
-6.99,375.86,20,56.1,0
-6.57,375.91,20,56.1,0
-6.47,375.96,20,56.1,0
-6.28,376.0,20,56.1,0
-5.88,376.0,20,56.1,0
-5.61,376.0,20,56.1,0
-5.66,376.0,20,56.1,0
-6.05,375.99,20,56.1,0
-7.25,375.94,20,56.1,0
-8.49,375.86,20,56.1,0
-9.84,375.71,20,56.1,0
-11.38,375.56,20,56.1,0
-13.38,375.41,20,56.1,0
-15.19,375.27,20,56.1,0
-16.54,375.17,20,56.1,0
-17.59,375.07,20,56.1,0
-17.89,374.97,20,56.1,0
-18.38,374.9,20,56.1,0
-19.33,374.9,20,56.1,0
-20.03,374.89,20,56.1,0
-20.13,374.84,20,56.1,0
-20.16,374.79,20,56.1,0
-20.01,374.74,20,56.1,0
-20.02,374.71,20,56.1,0
-20.42,374.76,20,56.1,0
-20.66,374.79,20,56.1,0
-20.51,374.74,20,56.1,0
-20.33,374.7,20,56.1,0
-20.08,374.7,20,56.1,0
-20.0,374.7,20,56.1,0
-20.35,374.7,20,56.1,0
-20.54,374.7,20,56.1,0
-20.34,374.7,20,56.1,0
-20.11,374.7,20,56.1,0
-19.81,374.7,20,56.1,0
-19.41,374.73,20,56.1,0
-18.76,374.83,20,56.1,0
-17.63,374.93,20,56.1,0
-15.33,375.03,20,56.1,0
-13.31,375.13,20,56.1,0
-11.96,375.23,20,56.1,0
-10.96,375.33,20,56.1,0
-10.81,375.43,20,56.1,0
-10.48,375.5,20,56.1,0
-9.73,375.5,20,56.1,0
-9.05,375.5,20,56.1,0
-8.55,375.5,20,56.1,0
-8.32,375.51,20,56.1,0
-8.72,375.56,20,56.1,0
-8.94,375.6,20,56.1,0
-8.74,375.6,20,56.1,0
-8.64,375.59,20,56.1,0
-8.79,375.54,20,56.1,0
-8.96,375.51,20,56.1,0
-9.16,375.56,20,56.1,0
-9.29,375.59,20,56.1,0
-9.24,375.54,20,56.1,0
-9.3,375.49,20,56.1,0
-9.65,375.44,20,56.1,0
-10.05,375.4,20,56.1,0
-10.55,375.4,20,56.1,0
-10.91,375.39,20,56.1,0
-10.96,375.34,20,56.1,0
-11.15,375.3,20,56.1,0
-11.65,375.3,20,56.1,0
-12.22,375.29,20,56.1,0
-12.97,375.24,20,56.1,0
-13.56,375.19,20,56.1,0
-13.76,375.14,20,56.1,0
-14.1,375.09,20,56.1,0
-14.8,375.04,20,56.1,0
-15.42,375.0,20,56.1,0
-15.82,375.0,20,56.1,0
-16.19,374.99,20,56.1,0
-16.49,374.94,20,56.1,0
-16.96,374.89,20,56.1,0
-17.86,374.84,20,56.1,0
-18.43,374.8,20,56.1,0
-18.18,374.8,20,56.1,0
-17.96,374.79,20,56.1,0
-17.81,374.74,20,56.1,0
-17.63,374.71,20,56.1,0
-17.38,374.76,20,56.1,0
-17.05,374.81,20,56.1,0
-16.55,374.86,20,56.1,0
-15.62,374.93,20,56.09,0
-13.62,375.03,20,56.04,0
-11.94,375.14,20,56.0,0
-11.04,375.29,20,56.0,0
-9.88,375.43,20,56.0,0
-8.08,375.53,20,56.0,0
-6.67,375.6,20,56.0,0
-6.22,375.6,20,56.0,0
-5.75,375.63,20,56.0,0
-5.25,375.73,20,56.0,0
-4.67,375.8,20,56.0,0
-3.87,375.8,20,56.0,0
-3.27,375.81,20,56.0,0
-3.17,375.86,20,56.0,0
-2.88,375.93,20,56.0,0
-2.13,376.03,20,56.0,0
-1.4,376.1,20,56.0,0
-0.7,376.1,20,56.0,0
-0.39,376.1,20,56.0,0
-1.04,376.1,20,56.0,0
-1.89,376.07,20,56.0,0
-3.24,375.97,20,56.0,0
-4.24,375.89,20,56.0,0
-4.39,375.84,20,56.0,0
-4.63,375.8,20,56.0,0
-5.08,375.8,20,56.0,0
-4.91,375.83,20,56.0,0
-3.21,375.93,20,56.0,0
-1.81,376.01,20,56.0,0
-1.16,376.06,20,56.0,0
-0.42,376.13,20,56.0,0
0.53,376.23,20,56.0,0
1.88,376.34,20,56.0,0
4.23,376.49,20,56.0,0
7.07,376.69,20,56.0,0
11.12,376.99,20,56.0,0
14.35,377.26,20,56.0,0
15.55,377.46,20,56.0,0
15.2,377.51,20,56.0,0
11.05,377.21,20,56.0,0
6.2,376.84,20,56.0,0
-0.35,376.29,20,56.0,0
-9.95,375.57,20,56.0,0
-27.0,374.42,20,56.0,0
-41.25,373.37,20,56.0,0
-48.65,372.57,20,56.0,0
-54.86,371.91,20,56.0,0
-58.16,371.61,20,56.0,0
-60.93,371.37,20,56.0,0
-62.43,371.27,20,56.0,0
-63.88,371.14,20,56.0,0
-65.18,370.94,20,56.0,0
-66.0,370.8,20,56.0,0
-65.65,370.8,20,56.0,0
-65.37,370.8,20,56.0,0
-65.27,370.8,20,56.0,0
-64.95,370.81,20,56.0,0
-64.1,370.86,20,56.0,0
-63.64,370.89,20,56.0,0
-64.14,370.84,20,56.0,0
-64.27,370.8,20,56.0,0
-63.47,370.8,20,56.0,0
-62.78,370.8,20,56.0,0
-62.38,370.8,20,56.0,0
-62.45,370.77,20,56.0,0
-63.65,370.67,20,56.0,0
-64.41,370.61,20,56.0,0
-64.11,370.66,20,56.0,0
-63.35,370.71,20,56.0,0
-61.45,370.76,20,56.0,0
-58.19,370.94,20,56.0,0
-51.59,371.44,20,56.0,0
-44.89,371.96,20,56.0,0
-37.94,372.51,20,56.0,0
-31.25,373.04,20,56.0,0
-25.2,373.54,20,56.0,0
-20.12,373.97,20,56.0,0
-17.42,374.22,20,56.0,0
-15.17,374.43,20,56.0,0
-14.02,374.53,20,56.0,0
-13.17,374.6,20,56.0,0
-13.07,374.6,20,56.0,0
-13.36,374.59,20,56.0,0
-14.61,374.54,20,56.0,0
-15.62,374.49,20,56.0,0
-16.02,374.44,20,56.0,0
-16.69,374.37,20,56.0,0
-18.04,374.27,20,56.0,0
-19.65,374.16,20,56.0,0
-21.9,374.01,20,56.0,0
-24.05,373.84,20,56.0,0
-25.95,373.64,20,56.0,0
-27.63,373.47,20,55.99,0
-28.78,373.37,20,55.94,0
-29.99,373.27,20,55.9,0
-31.34,373.17,20,55.9,0
-32.42,373.09,20,55.9,0
-32.82,373.04,20,55.9,0
-33.03,373.0,20,55.9,0
-32.78,373.0,20,55.9,0
-31.53,373.09,20,55.9,0
-27.83,373.39,20,55.9,0
-24.38,373.66,20,55.9,0
-21.53,373.86,20,55.9,0
-18.98,374.03,20,55.9,0
-17.18,374.13,20,55.9,0
-15.86,374.23,20,55.9,0
-15.71,374.33,20,55.9,0
-15.4,374.41,20,55.9,0
-14.7,374.46,20,55.9,0
-13.98,374.51,20,55.9,0
-13.23,374.56,20,55.9,0
-12.97,374.59,20,55.9,0
-13.92,374.54,20,55.9,0
-14.74,374.49,20,55.9,0
-15.24,374.44,20,55.9,0
-15.73,374.39,20,55.9,0
-16.18,374.34,20,55.9,0
-16.7,374.29,20,55.9,0
-17.4,374.24,20,55.9,0
-18.28,374.17,20,55.9,0
-19.58,374.07,20,55.9,0
-20.7,373.97,20,55.9,0
-21.4,373.87,20,55.9,0
-22.38,373.77,20,55.9,0
-24.02,373.67,20,55.9,0
-25.69,373.56,20,55.9,0
-27.39,373.41,20,55.9,0
-29.22,373.24,20,55.9,0
-31.37,373.04,20,55.9,0
-33.96,372.83,20,55.9,0
-37.66,372.58,20,55.9,0
-40.66,372.36,20,55.9,0
-41.91,372.21,20,55.9,0
-43.3,372.07,20,55.9,0
-45.05,371.97,20,55.9,0
-46.65,371.86,20,55.9,0
-47.85,371.71,20,55.9,0
-48.97,371.57,20,55.9,0
-49.92,371.47,20,55.9,0
-50.7,371.4,20,55.9,0
-51.05,371.4,20,55.9,0
-51.63,371.36,20,55.9,0
-52.78,371.21,20,55.9,0
-53.57,371.1,20,55.9,0
-53.47,371.1,20,55.9,0
-53.92,371.07,20,55.9,0
-55.72,370.97,20,55.9,0
-57.09,370.87,20,55.9,0
-57.39,370.77,20,55.9,0
-58.06,370.67,20,55.9,0
-59.66,370.57,20,55.9,0
-60.66,370.51,20,55.9,0
-60.16,370.56,20,55.9,0
-59.92,370.57,20,55.9,0
-60.32,370.47,20,55.9,0
-60.99,370.37,20,55.89,0
-62.34,370.27,20,55.84,0
-63.57,370.19,20,55.8,0
-64.52,370.14,20,55.8,0
-64.87,370.1,20,55.8,0
-63.72,370.1,20,55.8,0
-62.79,370.11,20,55.8,0
-62.39,370.16,20,55.8,0
-62.2,370.2,20,55.8,0
-62.55,370.2,20,55.8,0
-62.74,370.19,20,55.8,0
-62.54,370.14,20,55.8,0
-62.27,370.11,20,55.8,0
-61.82,370.16,20,55.8,0
-59.53,370.34,20,55.8,0
-52.68,370.84,20,55.8,0
-45.39,371.37,20,55.8,0
-36.98,371.97,20,55.8,0
-30.11,372.49,20,55.8,0
-27.01,372.79,20,55.8,0
-24.38,373.04,20,55.8,0
-22.93,373.19,20,55.8,0
-21.32,373.33,20,55.8,0
-19.33,373.43,20,55.8,0
-17.81,373.53,20,55.8,0
-17.51,373.63,20,55.8,0
-17.34,373.7,20,55.8,0
-17.49,373.7,20,55.8,0
-17.76,373.67,20,55.8,0
-18.31,373.57,20,55.8,0
-19.78,373.44,20,55.8,0
-23.53,373.24,20,55.8,0
-26.98,373.03,20,55.8,0
-29.68,372.78,20,55.8,0
-33.54,372.46,20,55.8,0
-40.28,371.96,20,55.8,0
-47.23,371.44,20,55.8,0
-54.69,370.89,20,55.8,0
-61.18,370.39,20,55.8,0
-65.27,369.99,20,55.8,0
-71.83,369.41,20,55.8,0
-84.52,368.42,20,55.8,0
-95.41,367.54,20,55.8,0
-101.76,366.99,20,55.8,0
-106.84,366.54,20,55.8,0
-108.74,366.34,20,55.8,0
-110.57,366.16,20,55.79,0
-112.22,366.01,20,55.74,0
-113.46,365.89,20,55.7,0
-113.66,365.84,20,55.7,0
-113.66,365.79,20,55.7,0
-113.16,365.74,20,55.7,0
-112.86,365.71,20,55.7,0
-113.06,365.76,20,55.7,0
-113.09,365.79,20,55.7,0
-112.69,365.74,20,55.7,0
-111.76,365.73,20,55.7,0
-109.51,365.83,20,55.7,0
-107.72,365.93,20,55.7,0
-107.07,366.03,20,55.7,0
-105.11,366.2,20,55.7,0
-99.85,366.55,20,55.7,0
-95.29,366.86,20,55.7,0
-92.44,367.06,20,55.7,0
-89.5,367.29,20,55.7,0
-86.36,367.59,20,55.7,0
-83.38,367.84,20,55.69,0
-80.83,367.99,20,55.64,0
-78.6,368.13,20,55.6,0
-77.2,368.23,20,55.6,0
-76.03,368.31,20,55.6,0
-75.43,368.36,20,55.6,0
-74.47,368.43,20,55.6,0
-72.62,368.53,20,55.6,0
-71.16,368.63,20,55.6,0
-70.66,368.73,20,55.6,0
-69.93,368.81,20,55.6,0
-68.63,368.86,20,55.6,0
-67.91,368.89,20,55.6,0
-68.66,368.84,20,55.6,0
-69.07,368.81,20,55.6,0
-68.62,368.86,20,55.6,0
-68.23,368.9,20,55.6,0
-67.98,368.9,20,55.6,0
-68.3,368.86,20,55.6,0
-70.05,368.71,20,55.6,0
-71.87,368.57,20,55.6,0
-73.87,368.47,20,55.6,0
-76.04,368.31,20,55.6,0
-78.64,368.01,20,55.6,0
-81.27,367.76,20,55.6,0
-83.97,367.61,20,55.6,0
-86.34,367.46,20,55.6,0
-87.89,367.31,20,55.6,0
-89.31,367.16,20,55.6,0
-90.41,367.01,20,55.6,0
-91.24,366.91,20,55.59,0
-91.39,366.96,20,55.54,0
-91.54,366.97,20,55.5,0
-91.69,366.87,20,55.5,0
-91.81,366.8,20,55.5,0
-91.86,366.8,20,55.5,0
-91.42,366.84,20,55.5,0
-89.72,366.99,20,55.5,0
-88.24,367.11,20,55.5,0
-87.35,367.16,20,55.5,0
-84.18,367.38,20,55.5,0
-75.28,368.03,20,55.5,0
-66.76,368.67,20,55.5,0
-59.2,369.27,20,55.5,0
-52.25,369.81,20,55.5,0
-46.8,370.21,20,55.5,0
-42.4,370.54,20,55.5,0
-40.65,370.69,20,55.5,0
-39.03,370.84,20,55.5,0
-37.73,370.99,20,55.5,0
-36.28,371.13,20,55.5,0
-34.42,371.23,20,55.5,0
-32.92,371.33,20,55.5,0
-32.27,371.43,20,55.5,0
-31.43,371.53,20,55.5,0
-30.13,371.63,20,55.5,0
-27.78,371.81,20,55.5,0
-22.78,372.21,20,55.5,0
-15.96,372.73,20,55.5,0
-4.62,373.53,20,55.5,0
11.42,374.72,20,55.5,0
39.32,376.92,20,55.5,0
63.76,378.87,20,55.5,0
79.45,380.17,20,55.5,0
87.1,380.87,20,55.5,0
74.4,380.07,20,55.5,0
62.85,379.33,20,55.5,0
54.19,378.73,20,55.5,0
44.39,378.0,20,55.5,0
31.7,376.95,20,55.5,0
23.01,376.24,20,55.5,0
24.46,376.39,20,55.5,0
25.36,376.49,20,55.5,0
24.86,376.44,20,55.5,0
24.56,376.41,20,55.5,0
24.76,376.46,20,55.5,0
24.72,376.49,20,55.5,0
24.07,376.44,20,55.5,0
23.6,376.39,20,55.5,0
23.6,376.34,20,55.5,0
23.3,376.3,20,55.5,0
22.25,376.3,20,55.5,0
20.85,376.26,20,55.5,0
18.55,376.11,20,55.5,0
16.79,375.99,20,55.5,0
16.39,375.94,20,55.5,0
16.13,375.91,20,55.5,0
16.23,375.96,20,55.5,0
16.27,375.99,20,55.5,0
16.17,375.94,20,55.5,0
16.13,375.9,20,55.5,0
16.23,375.9,20,55.5,0
16.13,375.9,20,55.5,0
15.53,375.9,20,55.5,0
15.23,375.9,20,55.5,0
15.68,375.9,20,55.5,0
15.72,375.9,20,55.5,0
14.72,375.9,20,55.5,0
14.0,375.9,20,55.5,0
14.0,375.9,20,55.5,0
13.86,375.89,20,55.5,0
13.36,375.84,20,55.5,0
12.86,375.8,20,55.5,0
12.36,375.8,20,55.5,0
12.04,375.8,20,55.5,0
12.19,375.8,20,55.5,0
12.3,375.8,20,55.5,0
12.3,375.8,20,55.5,0
12.03,375.79,20,55.5,0
11.08,375.74,20,55.5,0
10.53,375.7,20,55.5,0
10.98,375.7,20,55.5,0
10.32,375.63,20,55.5,0
6.87,375.38,20,55.5,0
4.39,375.2,20,55.5,0
4.34,375.2,20,55.5,0
3.59,375.14,20,55.5,0
1.09,374.94,20,55.5,0
-1.23,374.77,20,55.5,0
-3.08,374.67,20,55.5,0
-4.49,374.59,20,55.5,0
-4.79,374.54,20,55.5,0
-5.17,374.47,20,55.5,0
-5.77,374.37,20,55.5,0
-7.2,374.24,20,55.5,0
-10.7,374.04,20,55.5,0
-13.26,373.89,20,55.5,0
-13.46,373.84,20,55.5,0
-13.79,373.79,20,55.5,0
-14.44,373.74,20,55.5,0
-15.39,373.66,20,55.5,0
-17.09,373.51,20,55.5,0
-18.63,373.36,20,55.5,0
-19.78,373.21,20,55.5,0
-20.89,373.1,20,55.5,0
-21.89,373.1,20,55.5,0
-22.96,373.06,20,55.5,0
-24.21,372.91,20,55.5,0
-25.33,372.79,20,55.5,0
-26.13,372.74,20,55.5,0
-27.3,372.66,20,55.5,0
-29.4,372.51,20,55.5,0
-30.99,372.37,20,55.5,0
-31.29,372.27,20,55.5,0
-32.09,372.17,20,55.5,0
-34.14,372.07,20,55.5,0
-35.86,371.97,20,55.5,0
-36.76,371.87,20,55.5,0
-37.59,371.77,20,55.5,0
-38.24,371.67,20,55.5,0
-39.26,371.57,20,55.5,0
-41.21,371.47,20,55.5,0
-42.77,371.37,20,55.5,0
-43.37,371.27,20,55.5,0
-44.1,371.17,20,55.5,0
-45.15,371.07,20,55.5,0
-46.04,371.0,20,55.5,0
-46.54,371.0,20,55.5,0
-46.91,370.99,20,55.5,0
-46.96,370.94,20,55.5,0
-47.01,370.9,20,55.5,0
-47.06,370.9,20,55.5,0
-47.09,370.9,20,55.5,0
-47.04,370.9,20,55.5,0
-46.84,370.9,20,55.5,0
-46.29,370.9,20,55.5,0
-45.86,370.91,20,55.5,0
-45.71,370.96,20,55.5,0
-45.14,371.01,20,55.5,0
-43.54,371.06,20,55.5,0
-40.91,371.2,20,55.5,0
-35.72,371.55,20,55.5,0
-31.13,371.89,20,55.5,0
-28.08,372.19,20,55.5,0
-25.36,372.44,20,55.5,0
-23.46,372.59,20,55.5,0
-21.84,372.71,20,55.5,0
-20.94,372.76,20,55.5,0
-20.07,372.84,20,55.5,0
-19.27,372.99,20,55.5,0
-18.2,373.13,20,55.5,0
-16.45,373.23,20,55.5,0
-15.27,373.29,20,55.49,0
-15.52,373.24,20,55.44,0
-16.03,373.2,20,55.4,0
-17.18,373.2,20,55.4,0
-18.13,373.17,20,55.4,0
-18.58,373.07,20,55.4,0
-19.18,372.97,20,55.4,0
-20.19,372.87,20,55.4,0
-21.31,372.79,20,55.4,0
-22.76,372.74,20,55.4,0
-23.76,372.69,20,55.4,0
-23.61,372.64,20,55.4,0
-23.46,372.61,20,55.4,0
-23.31,372.66,20,55.4,0
-23.63,372.67,20,55.4,0
-25.13,372.57,20,55.4,0
-26.36,372.47,20,55.4,0
-26.91,372.37,20,55.4,0
-27.8,372.27,20,55.4,0
-29.55,372.17,20,55.4,0
-31.0,372.09,20,55.4,0
-31.7,372.04,20,55.4,0
-32.6,371.96,20,55.4,0
-34.0,371.81,20,55.4,0
-35.43,371.67,20,55.4,0
-36.93,371.57,20,55.4,0
-38.19,371.47,20,55.4,0
-38.84,371.37,20,55.4,0
-39.7,371.27,20,55.4,0
-41.1,371.17,20,55.4,0
-42.61,371.07,20,55.4,0
-44.41,370.97,20,55.4,0
-45.94,370.86,20,55.4,0
-46.79,370.71,20,55.4,0
-47.24,370.63,20,55.4,0
-46.69,370.73,20,55.4,0
-46.54,370.79,20,55.4,0
-47.39,370.74,20,55.4,0
-48.09,370.67,20,55.4,0
-48.39,370.57,20,55.4,0
-49.01,370.47,20,55.4,0
-50.46,370.37,20,55.4,0
-51.94,370.27,20,55.4,0
-53.49,370.17,20,55.4,0
-54.59,370.07,20,55.4,0
-54.54,369.97,20,55.4,0
-54.74,369.9,20,55.4,0
-55.59,369.9,20,55.4,0
-55.9,369.91,20,55.4,0
-54.85,369.96,20,55.4,0
-54.11,370.0,20,55.4,0
-54.16,370.0,20,55.4,0
-53.9,370.03,20,55.4,0
-52.85,370.13,20,55.4,0
-52.03,370.19,20,55.4,0
-51.78,370.14,20,55.4,0
-50.8,370.17,20,55.4,0
-48.0,370.42,20,55.4,0
-44.39,370.71,20,55.39,0
-38.74,371.11,20,55.34,0
-33.67,371.47,20,55.3,0
-30.07,371.72,20,55.3,0
-26.96,371.97,20,55.3,0
-25.06,372.22,20,55.3,0
-23.3,372.41,20,55.3,0
-21.9,372.46,20,55.3,0
-20.42,372.54,20,55.3,0
-18.72,372.69,20,55.3,0
-17.32,372.83,20,55.3,0
-16.66,372.93,20,55.3,0
-15.74,373.03,20,55.3,0
-14.14,373.13,20,55.3,0
-13.1,373.2,20,55.3,0
-13.45,373.2,20,55.3,0
-13.76,373.2,20,55.3,0
-13.96,373.2,20,55.3,0
-14.21,373.17,20,55.3,0
-14.61,373.07,20,55.3,0
-14.96,373.01,20,55.3,0
-15.16,373.06,20,55.3,0
-15.34,373.1,20,55.3,0
-15.49,373.1,20,55.3,0
-15.67,373.09,20,55.3,0
-15.92,373.04,20,55.3,0
-16.28,373.0,20,55.3,0
-16.93,373.0,20,55.3,0
-17.23,372.99,20,55.3,0
-16.63,372.94,20,55.3,0
-16.31,372.9,20,55.3,0
-16.71,372.9,20,55.3,0
-17.13,372.9,20,55.3,0
-17.58,372.9,20,55.3,0
-18.08,372.87,20,55.3,0
-18.73,372.77,20,55.3,0
-19.61,372.69,20,55.3,0
-21.06,372.64,20,55.3,0
-22.53,372.57,20,55.3,0
-24.03,372.47,20,55.3,0
-26.17,372.3,20,55.3,0
-29.92,371.95,20,55.3,0
-33.87,371.61,20,55.3,0
-38.32,371.31,20,55.3,0
-43.25,370.96,20,55.3,0
-49.4,370.46,20,55.3,0
-54.87,370.0,20,55.3,0
-58.62,369.65,20,55.3,0
-62.75,369.29,20,55.3,0
-67.85,368.89,20,55.3,0
-72.47,368.51,20,55.3,0
-75.87,368.21,20,55.3,0
-79.42,367.91,20,55.3,0
-83.37,367.61,20,55.3,0
-86.92,367.34,20,55.3,0
-89.47,367.14,20,55.3,0
-91.61,366.96,20,55.3,0
-92.71,366.81,20,55.3,0
-93.39,366.71,20,55.3,0
-92.99,366.76,20,55.3,0
-91.18,366.9,20,55.29,0
-85.83,367.25,20,55.24,0
-80.98,367.56,20,55.2,0
-77.38,367.76,20,55.2,0
-73.52,368.01,20,55.2,0
-69.02,368.41,20,55.2,0
-64.76,368.77,20,55.2,0
-61.11,369.02,20,55.2,0
-57.66,369.26,20,55.2,0
-54.71,369.46,20,55.2,0
-51.99,369.67,20,55.2,0
-49.84,369.92,20,55.2,0
-47.09,370.19,20,55.2,0
-42.84,370.49,20,55.2,0
-39.09,370.74,20,55.2,0
-36.59,370.89,20,55.2,0
-34.62,371.04,20,55.2,0
-33.97,371.19,20,55.2,0
-33.03,371.33,20,55.2,0
-31.38,371.43,20,55.2,0
-30.63,371.47,20,55.2,0
-32.13,371.37,20,55.2,0
-33.68,371.27,20,55.2,0
-35.38,371.17,20,55.2,0
-36.77,371.06,20,55.2,0
-37.37,370.91,20,55.2,0
-38.88,370.73,20,55.2,0
-42.68,370.48,20,55.2,0
-46.9,370.2,20,55.2,0
-52.2,369.85,20,55.2,0
-57.42,369.46,20,55.2,0
-62.41,368.96,20,55.2,0
-67.83,368.47,20,55.2,0
-74.34,368.02,20,55.2,0
-80.25,367.59,20,55.2,0
-84.65,367.19,20,55.2,0
-88.55,366.84,20,55.2,0
-91.2,366.64,20,55.2,0
-93.84,366.44,20,55.2,0
-96.44,366.24,20,55.2,0
-98.63,366.04,20,55.19,0
-99.78,365.84,20,55.14,0
-101.17,365.66,20,55.1,0
-103.17,365.51,20,55.1,0
-104.6,365.41,20,55.1,0
-104.6,365.46,20,55.1,0
-104.25,365.5,20,55.1,0
-103.0,365.5,20,55.1,0
-101.96,365.51,20,55.1,0
-101.46,365.56,20,55.1,0
-100.82,365.61,20,55.1,0
-99.82,365.66,20,55.1,0
-96.79,365.86,20,55.1,0
-88.64,366.41,20,55.1,0
-82.8,366.8,20,55.1,0
